Account_ID,Customer_Name,Age,Gender,Account_Type,Balance,Transaction_Amount,Transaction_Type,Transaction_Date,Branch,IFSC_Code,Loan_Status,Credit_Score,KYC_Status,Account_Status
A12732,John,39,Female,Current,51538,10894,credit,2021-11-11,Mumbai,SBI002,Approved,756,Verified,Active
A12607,Amit,29,Female,Loan,199382,48836,credit,2022-06-04,Unknown,Unknown,Approved,885,Verified,Active
A11653,Amit,18,Female,Credit,107214,-29890,debit,2025-05-22,Unknown,HDFC001,Rejected,528,Pending,Inactive
A13264,John,61,Other,Loan,75078,-6624,debit,2024-12-26,Chennai,SBI002,Approved,533,Verified,Active
A10835,Amit,25,Other,Current,96303,7293,credit,2023-01-02,Delhi,Unknown,Rejected,539,Rejected,Inactive
A10763,John,21,Other,Unknown,98971,18066,credit,2022-10-26,Bangalore,Unknown,Rejected,360,Rejected,Inactive
A11731,John,23,Female,Unknown,79864,9362,credit,2022-12-30,Unknown,Unknown,Rejected,555,Pending,Inactive
A13431,Amit,18,Female,Credit,100421,-8293,debit,2022-05-15,Delhi,Unknown,Rejected,313,Rejected,Inactive
A11033,Neha,49,Other,Current,184430,-739,debit,2023-10-13,Mumbai,AXIS004,Rejected,856,Pending,Inactive
A10277,Unknown,26,Other,Loan,78136,31228,credit,2021-11-08,Unknown,ICICI003,Rejected,476,Pending,Inactive
A11778,Priya,21,Female,Unknown,86886,13484,credit,2024-03-28,Delhi,SBI002,Rejected,394,Rejected,Inactive
A11828,John,29,Female,Savings,64692,-11632,debit,2024-08-01,Pune,Unknown,Approved,828,Verified,Active
A12647,Priya,41,Female,Credit,128960,6970,credit,2021-11-21,Mumbai,HDFC001,Rejected,708,Pending,Active
A13142,Ravi,38,Female,Unknown,146246,43187,credit,2022-11-08,Chennai,HDFC001,Rejected,588,Rejected,Inactive
A12648,Ravi,19,Female,Current,178169,26121,credit,2022-02-28,Unknown,AXIS004,Rejected,582,Rejected,Inactive
A13468,Priya,24,Other,Unknown,195066,19167,credit,2025-06-17,Unknown,HDFC001,Rejected,816,Pending,Inactive
A12362,Neha,64,Female,Unknown,35207,8928,credit,2021-06-18,Pune,SBI002,Rejected,795,Pending,Inactive
A10705,Unknown,22,Other,Unknown,36902,-5174,debit,2025-03-16,Chennai,HDFC001,Rejected,546,Pending,Inactive
A12599,John,60,Other,Current,181192,19974,credit,2023-06-12,Pune,AXIS004,Approved,568,Verified,Active
A12135,John,27,Male,Current,90201,-10216,debit,2023-12-11,Unknown,Unknown,Pending,549,Pending,Closed
A12222,Priya,65,Other,Current,47378,-8308,debit,2025-10-22,Delhi,ICICI003,Approved,840,Verified,Active
A12897,Priya,31,Female,Credit,164031,-11489,debit,2023-03-22,Bangalore,ICICI003,Rejected,305,Pending,Inactive
A11701,Priya,43,Other,Loan,171013,-350,debit,2023-08-05,Mumbai,Unknown,Rejected,679,Pending,Dormant
A10537,Sara,56,Female,Credit,180059,16589,credit,2023-12-16,Bangalore,AXIS004,Pending,568,Verified,Active
A12893,John,29,Other,Credit,131324,14669,credit,2024-03-23,Bangalore,ICICI003,Rejected,893,Rejected,Inactive
A12120,Amit,19,Female,Current,37410,-4458,debit,2021-03-08,Unknown,Unknown,Rejected,797,Pending,Inactive
A12825,Neha,49,Male,Credit,63266,-32493,debit,2022-12-31,Chennai,AXIS004,Approved,617,Verified,Active
A11940,Ravi,73,Male,Credit,836,46524,credit,2024-07-23,Chennai,HDFC001,Approved,812,Verified,Active
A12163,Sara,21,Female,Savings,152758,43213,credit,2021-07-21,Chennai,AXIS004,Rejected,890,Rejected,Inactive
A10976,Ravi,67,Other,Loan,139755,27871,credit,2021-03-23,Delhi,Unknown,Approved,871,Verified,Active
A10755,Amit,40,Other,Unknown,145755,-21724,debit,2023-07-29,Chennai,Unknown,Rejected,748,Rejected,Active
A12046,Ravi,18,Other,Current,88645,-11221,debit,2021-09-30,Bangalore,ICICI003,Pending,711,Verified,Dormant
A11871,John,24,Male,Unknown,82095,12549,credit,2023-10-11,Mumbai,ICICI003,Rejected,480,Rejected,Inactive
A12496,Amit,24,Other,Credit,72387,-40262,debit,2025-12-16,Unknown,Unknown,Rejected,300,Pending,Inactive
A12898,Ravi,47,Other,Savings,138969,37977,credit,2023-04-03,Mumbai,ICICI003,Approved,477,Verified,Active
A10099,Amit,39,Other,Current,59425,-776,debit,2025-03-23,Unknown,AXIS004,Pending,839,Verified,Active
A12008,Sara,32,Other,Credit,46982,-9935,debit,2024-04-26,Mumbai,Unknown,Approved,464,Verified,Active
A13249,John,33,Female,Credit,145809,26234,credit,2024-09-19,Bangalore,HDFC001,Pending,814,Verified,Active
A10755,Amit,40,Other,Unknown,126818,-309,debit,2025-11-28,Chennai,Unknown,Approved,374,Verified,Active
A10797,Amit,26,Other,Unknown,192646,19641,credit,2023-03-12,Unknown,AXIS004,Approved,750,Verified,Active
A10659,Sara,21,Other,Current,80100,35865,credit,2024-07-03,Bangalore,SBI002,Pending,401,Verified,Active
A13219,Amit,29,Other,Unknown,17136,12958,credit,2021-07-10,Unknown,Unknown,Approved,568,Verified,Dormant
A12958,Priya,48,Other,Savings,151319,-3439,debit,2021-12-30,Chennai,ICICI003,Approved,799,Verified,Active
A10423,Unknown,40,Other,Unknown,70356,-38414,debit,2021-11-09,Delhi,AXIS004,Rejected,395,Rejected,Inactive
A13360,Neha,42,Other,Unknown,160614,12647,credit,2024-06-29,Chennai,Unknown,Rejected,715,Rejected,Inactive
A13337,John,41,Female,Unknown,161350,24237,credit,2022-09-22,Bangalore,HDFC001,Rejected,864,Rejected,Inactive
A12745,Amit,36,Other,Unknown,40170,-4404,debit,2023-02-06,Bangalore,HDFC001,Rejected,633,Pending,Closed
A10639,John,61,Female,Current,186624,35323,credit,2025-01-01,Chennai,Unknown,Rejected,579,Rejected,Inactive
A10544,John,18,Male,Unknown,58254,-12902,debit,2021-08-30,Unknown,AXIS004,Pending,636,Pending,Dormant
A12591,Neha,43,Male,Unknown,109798,19335,credit,2025-04-23,Unknown,HDFC001,Rejected,640,Rejected,Inactive
A10714,Priya,50,Female,Current,66171,10710,credit,2022-05-23,Bangalore,Unknown,Rejected,659,Pending,Inactive
A12292,John,19,Other,Loan,190629,-7378,debit,2021-04-15,Chennai,AXIS004,Rejected,331,Pending,Inactive
A10151,Neha,29,Other,Current,131312,-17289,debit,2024-08-12,Chennai,AXIS004,Rejected,414,Rejected,Inactive
A12723,John,67,Female,Unknown,51063,36503,credit,2025-12-02,Unknown,HDFC001,Rejected,698,Rejected,Inactive
A12558,Priya,43,Female,Unknown,138015,31999,credit,2022-03-27,Delhi,AXIS004,Approved,363,Verified,Dormant
A12930,John,27,Male,Current,81980,-32746,debit,2022-05-19,Bangalore,AXIS004,Rejected,482,Pending,Inactive
A11207,Neha,55,Female,Unknown,520,-24215,debit,2022-01-29,Unknown,ICICI003,Rejected,664,Pending,Dormant
A12076,Unknown,62,Other,Savings,65416,-14471,debit,2025-06-01,Pune,ICICI003,Rejected,425,Rejected,Inactive
A10802,Neha,35,Other,Unknown,197990,-12678,debit,2021-04-03,Unknown,Unknown,Rejected,594,Pending,Dormant
A12176,John,28,Female,Unknown,52249,48296,credit,2023-11-28,Delhi,Unknown,Approved,638,Verified,Active
A12176,John,28,Female,Unknown,61772,19078,credit,2025-01-15,Delhi,Unknown,Rejected,728,Rejected,Closed
A11956,Neha,45,Other,Unknown,160465,-14744,debit,2024-01-12,Pune,AXIS004,Rejected,776,Pending,Inactive
A13125,Neha,39,Male,Loan,81272,6360,credit,2024-03-17,Unknown,Unknown,Rejected,618,Pending,Dormant
A11925,Amit,33,Other,Current,130881,-4292,debit,2025-10-24,Unknown,AXIS004,Rejected,669,Rejected,Dormant
A10756,Ravi,38,Other,Current,190005,7838,credit,2021-07-13,Delhi,ICICI003,Rejected,536,Verified,Active
A10273,John,23,Female,Credit,153837,1390,credit,2023-06-05,Bangalore,Unknown,Pending,599,Pending,Closed
A12383,Amit,38,Male,Credit,18490,25706,credit,2023-08-03,Delhi,SBI002,Rejected,559,Pending,Inactive
A10388,Unknown,24,Female,Unknown,32975,-13148,debit,2024-03-07,Mumbai,ICICI003,Rejected,818,Pending,Inactive
A11641,Amit,25,Female,Current,7013,5793,credit,2022-04-09,Delhi,AXIS004,Rejected,411,Rejected,Inactive
A13114,Amit,18,Other,Loan,55977,-9405,debit,2025-01-13,Delhi,AXIS004,Rejected,312,Pending,Inactive
A11466,Sara,45,Female,Current,46338,-22854,debit,2025-04-28,Bangalore,Unknown,Pending,321,Pending,Inactive
A12591,Neha,43,Male,Unknown,154546,20632,credit,2024-10-15,Unknown,HDFC001,Rejected,700,Rejected,Inactive
A10888,Amit,56,Other,Savings,19618,-13251,debit,2023-12-12,Pune,AXIS004,Rejected,664,Rejected,Inactive
A10257,John,25,Other,Loan,70308,-12755,debit,2024-07-24,Delhi,SBI002,Approved,821,Verified,Active
A11345,Priya,27,Male,Savings,125301,14461,credit,2023-11-07,Delhi,AXIS004,Rejected,689,Rejected,Inactive
A12105,Ravi,24,Male,Savings,60789,37278,credit,2024-02-01,Delhi,ICICI003,Approved,373,Verified,Active
A12339,Amit,47,Other,Credit,142084,39628,credit,2023-06-22,Bangalore,HDFC001,Pending,545,Pending,Active
A13191,Amit,23,Female,Unknown,142594,-19947,debit,2022-07-09,Mumbai,ICICI003,Rejected,669,Pending,Closed
A12827,Amit,51,Other,Credit,98521,24709,credit,2024-01-27,Bangalore,AXIS004,Approved,788,Verified,Active
A10430,Amit,27,Other,Unknown,39320,-34019,debit,2021-01-07,Delhi,ICICI003,Approved,878,Verified,Active
A13154,John,57,Male,Current,164264,-47138,debit,2025-08-18,Mumbai,AXIS004,Rejected,526,Rejected,Inactive
A10091,Amit,37,Other,Credit,188583,-1777,debit,2025-02-05,Chennai,AXIS004,Rejected,576,Pending,Inactive
A11920,Sara,18,Female,Unknown,126033,673,credit,2021-07-06,Unknown,Unknown,Rejected,345,Rejected,Inactive
A12446,Unknown,40,Other,Savings,24854,23318,credit,2021-12-13,Delhi,AXIS004,Approved,544,Verified,Active
A12659,Unknown,21,Female,Credit,193166,34529,credit,2022-04-19,Chennai,SBI002,Approved,305,Verified,Active
A11589,Unknown,25,Other,Savings,174891,-33171,debit,2023-07-03,Unknown,SBI002,Approved,438,Verified,Active
A12956,Sara,22,Other,Credit,74153,-47901,debit,2025-09-28,Unknown,Unknown,Rejected,392,Rejected,Inactive
A12681,Amit,47,Female,Loan,86048,-633,debit,2025-01-06,Chennai,ICICI003,Pending,853,Verified,Active
A10084,Ravi,38,Other,Loan,46084,24564,credit,2023-03-29,Unknown,AXIS004,Rejected,319,Rejected,Inactive
A12251,John,26,Female,Unknown,129263,-5862,debit,2021-06-08,Bangalore,AXIS004,Approved,783,Verified,Active
A10324,Priya,18,Male,Current,151172,-7672,debit,2021-05-20,Mumbai,ICICI003,Rejected,789,Pending,Inactive
A10774,Priya,27,Other,Loan,18068,-4907,debit,2023-11-11,Delhi,Unknown,Rejected,708,Rejected,Inactive
A13012,Sara,39,Other,Loan,32613,34287,credit,2023-09-27,Bangalore,Unknown,Rejected,497,Rejected,Inactive
A11071,Neha,39,Male,Savings,42186,11325,credit,2023-04-07,Unknown,ICICI003,Rejected,616,Rejected,Inactive
A10639,John,61,Female,Current,21291,3744,credit,2022-10-20,Chennai,Unknown,Rejected,544,Rejected,Inactive
A12036,Neha,57,Male,Loan,118051,-4206,debit,2024-06-29,Bangalore,AXIS004,Rejected,511,Rejected,Inactive
A11155,Sara,60,Other,Credit,65698,-16217,debit,2024-01-17,Unknown,AXIS004,Pending,792,Verified,Active
A10972,Neha,52,Other,Credit,160318,18050,credit,2023-01-01,Pune,HDFC001,Rejected,408,Verified,Dormant
A12916,Sara,52,Female,Credit,87982,-6950,debit,2024-10-25,Unknown,SBI002,Rejected,861,Pending,Inactive
A11204,John,34,Male,Current,132177,39091,credit,2023-06-15,Delhi,Unknown,Pending,603,Verified,Active
A12024,Sara,31,Other,Current,148112,13296,credit,2025-03-24,Chennai,HDFC001,Rejected,346,Verified,Active
A11167,Amit,46,Other,Unknown,193404,-32637,debit,2023-02-06,Unknown,ICICI003,Rejected,730,Rejected,Inactive
A11684,Ravi,25,Female,Current,90804,29517,credit,2023-08-31,Mumbai,AXIS004,Rejected,574,Pending,Inactive
A13299,Neha,31,Other,Unknown,69700,46890,credit,2022-07-11,Pune,HDFC001,Rejected,319,Pending,Inactive
A13002,Unknown,51,Female,Loan,37766,-10090,debit,2022-06-18,Mumbai,HDFC001,Rejected,529,Rejected,Inactive
A12839,Unknown,44,Other,Credit,121134,-23816,debit,2022-10-27,Delhi,Unknown,Rejected,531,Pending,Inactive
A12767,Priya,26,Male,Unknown,159402,40888,credit,2022-01-16,Delhi,Unknown,Rejected,500,Pending,Inactive
A12957,Unknown,45,Other,Loan,118568,-18430,debit,2024-08-18,Mumbai,AXIS004,Approved,740,Verified,Dormant
A10373,Amit,28,Other,Unknown,131332,13544,credit,2024-07-01,Bangalore,Unknown,Pending,360,Pending,Dormant
A11877,Priya,41,Other,Credit,72720,-39444,debit,2021-11-21,Unknown,HDFC001,Rejected,538,Pending,Inactive
A10560,Priya,39,Other,Unknown,122455,7924,credit,2024-12-15,Mumbai,HDFC001,Rejected,687,Pending,Active
A11329,Unknown,45,Other,Current,118462,19826,credit,2024-12-20,Unknown,ICICI003,Rejected,528,Pending,Inactive
A11605,John,54,Other,Unknown,71167,29627,credit,2023-10-06,Unknown,Unknown,Rejected,503,Pending,Inactive
A12217,Priya,70,Female,Savings,27649,16710,credit,2023-04-07,Bangalore,HDFC001,Rejected,505,Pending,Inactive
A11699,Priya,39,Other,Savings,93636,49335,credit,2025-12-24,Unknown,AXIS004,Pending,769,Pending,Dormant
A11472,Priya,49,Male,Credit,119468,-22946,debit,2023-07-19,Delhi,ICICI003,Rejected,723,Pending,Closed
A13167,Amit,21,Other,Current,39453,-10763,debit,2022-01-04,Delhi,ICICI003,Approved,373,Verified,Active
A13269,Amit,36,Other,Unknown,153647,-4948,debit,2022-04-05,Unknown,HDFC001,Rejected,528,Pending,Inactive
A10256,Amit,45,Male,Unknown,159569,-40518,debit,2023-12-15,Chennai,AXIS004,Rejected,414,Rejected,Inactive
A11905,Unknown,44,Other,Unknown,62656,33643,credit,2023-07-02,Pune,Unknown,Rejected,349,Pending,Inactive
A11316,John,41,Male,Current,4117,-10852,debit,2024-06-09,Chennai,AXIS004,Rejected,467,Rejected,Inactive
A11954,Amit,21,Other,Credit,36381,-7461,debit,2021-03-17,Unknown,AXIS004,Rejected,587,Pending,Inactive
A10816,John,28,Female,Loan,174400,20631,credit,2021-09-21,Chennai,Unknown,Rejected,636,Pending,Dormant
A12435,John,19,Female,Unknown,168031,5820,credit,2023-05-12,Unknown,HDFC001,Rejected,427,Rejected,Inactive
A11634,Neha,26,Female,Loan,199811,6894,credit,2021-06-10,Unknown,Unknown,Rejected,664,Pending,Closed
A10973,Amit,53,Other,Credit,194771,-36668,debit,2021-11-09,Pune,HDFC001,Rejected,633,Rejected,Inactive
A10368,Ravi,28,Male,Savings,96320,28560,credit,2021-03-02,Bangalore,ICICI003,Rejected,519,Rejected,Dormant
A12023,Neha,18,Female,Unknown,57484,46110,credit,2025-07-23,Bangalore,Unknown,Rejected,722,Pending,Inactive
A12965,Neha,23,Female,Credit,180633,28606,credit,2024-12-03,Bangalore,SBI002,Rejected,590,Rejected,Inactive
A10201,John,30,Female,Unknown,24209,42607,credit,2025-02-17,Bangalore,Unknown,Rejected,695,Rejected,Inactive
A12431,Amit,31,Other,Loan,99782,7036,credit,2023-03-27,Pune,Unknown,Rejected,625,Pending,Inactive
A11536,Neha,51,Male,Current,78081,8936,credit,2021-12-17,Pune,Unknown,Approved,338,Verified,Dormant
A11930,Amit,36,Male,Unknown,133137,-2236,debit,2022-01-14,Unknown,AXIS004,Rejected,548,Pending,Dormant
A12418,Amit,18,Other,Unknown,75993,-17740,debit,2022-04-06,Unknown,Unknown,Rejected,753,Rejected,Inactive
A10555,John,49,Other,Savings,-2708,25523,credit,2024-10-04,Chennai,Unknown,Rejected,804,Rejected,Inactive
A10954,Sara,62,Male,Credit,44448,28655,credit,2025-06-27,Unknown,AXIS004,Approved,845,Verified,Active
A13455,Neha,48,Other,Credit,23365,-47666,debit,2024-04-25,Unknown,Unknown,Rejected,588,Rejected,Inactive
A12071,Neha,63,Male,Savings,100166,7497,credit,2025-07-09,Unknown,ICICI003,Rejected,869,Pending,Inactive
A11723,John,20,Other,Current,77635,17563,credit,2024-11-12,Unknown,AXIS004,Pending,442,Pending,Inactive
A10130,Priya,39,Male,Current,199805,27680,credit,2023-04-23,Pune,SBI002,Rejected,852,Pending,Inactive
A12425,Unknown,36,Male,Savings,190608,13335,credit,2024-12-07,Delhi,SBI002,Rejected,452,Pending,Inactive
A12146,Ravi,34,Female,Savings,186739,-3217,debit,2024-02-09,Mumbai,ICICI003,Pending,826,Verified,Dormant
A10931,Amit,53,Other,Unknown,62962,-40733,debit,2021-03-17,Delhi,Unknown,Rejected,313,Pending,Inactive
A12782,Neha,30,Male,Savings,23394,2655,credit,2023-08-13,Bangalore,HDFC001,Rejected,416,Rejected,Inactive
A12171,Sara,26,Male,Unknown,41786,-30945,debit,2022-01-14,Bangalore,Unknown,Rejected,381,Rejected,Inactive
A11987,John,44,Other,Unknown,55290,7638,credit,2021-03-10,Bangalore,AXIS004,Rejected,326,Pending,Dormant
A12642,Priya,28,Other,Unknown,-3071,14730,credit,2021-08-10,Unknown,SBI002,Approved,382,Verified,Active
A11966,John,27,Other,Current,3160,31060,credit,2025-12-25,Unknown,HDFC001,Approved,808,Verified,Active
A12787,John,49,Female,Credit,49977,7118,credit,2023-07-02,Unknown,AXIS004,Rejected,417,Rejected,Inactive
A13220,Ravi,58,Female,Credit,118117,-19275,debit,2023-11-29,Bangalore,HDFC001,Rejected,582,Rejected,Inactive
A10209,Neha,67,Female,Unknown,32614,-48644,debit,2021-01-08,Unknown,Unknown,Rejected,588,Pending,Dormant
A12610,Ravi,61,Male,Current,72820,-10883,debit,2024-07-30,Unknown,ICICI003,Approved,401,Verified,Active
A11435,John,19,Male,Unknown,107679,3857,credit,2021-06-27,Unknown,Unknown,Rejected,658,Pending,Inactive
A12830,Neha,18,Other,Savings,137401,32169,credit,2022-08-27,Delhi,HDFC001,Rejected,573,Pending,Dormant
A13113,Amit,60,Female,Savings,5231,-9543,debit,2023-12-10,Bangalore,HDFC001,Rejected,899,Pending,Inactive
A13130,John,47,Other,Credit,188193,-16990,debit,2022-08-28,Unknown,HDFC001,Rejected,353,Rejected,Inactive
A12753,Ravi,38,Female,Loan,174279,3699,credit,2023-09-03,Unknown,Unknown,Approved,756,Verified,Active
A13108,Unknown,46,Male,Loan,34559,36060,credit,2022-04-12,Mumbai,HDFC001,Pending,885,Pending,Dormant
A12826,Sara,56,Male,Credit,115687,39279,credit,2024-03-28,Chennai,SBI002,Rejected,861,Pending,Inactive
A10086,John,54,Other,Current,197873,34380,credit,2023-12-12,Pune,Unknown,Rejected,471,Pending,Inactive
A13115,Neha,30,Female,Unknown,10272,32778,credit,2024-01-13,Unknown,AXIS004,Rejected,317,Pending,Inactive
A10872,Ravi,51,Male,Current,150812,16694,credit,2022-04-26,Bangalore,SBI002,Rejected,487,Rejected,Inactive
A12059,Sara,53,Other,Unknown,75685,-8354,debit,2025-05-13,Mumbai,HDFC001,Approved,891,Verified,Active
A12818,Amit,59,Female,Current,33944,14283,credit,2024-12-06,Delhi,Unknown,Approved,867,Verified,Active
A10307,Amit,72,Other,Credit,72390,-12971,debit,2024-10-31,Mumbai,ICICI003,Approved,566,Verified,Dormant
A11104,Sara,44,Other,Unknown,60325,740,credit,2022-05-25,Chennai,SBI002,Rejected,758,Pending,Inactive
A12080,Amit,27,Other,Credit,98726,49552,credit,2024-11-07,Unknown,Unknown,Rejected,465,Rejected,Dormant
A11206,Neha,36,Other,Loan,155933,10797,credit,2021-03-14,Unknown,AXIS004,Rejected,304,Rejected,Inactive
A11152,Priya,42,Other,Credit,17516,6367,credit,2022-01-24,Mumbai,SBI002,Rejected,721,Pending,Dormant
A12854,Neha,42,Other,Credit,9308,-42836,debit,2022-02-16,Mumbai,SBI002,Rejected,610,Pending,Active
A10275,Neha,32,Male,Loan,138774,23459,credit,2025-04-25,Unknown,AXIS004,Approved,469,Verified,Dormant
A11198,Amit,20,Female,Unknown,148227,31190,credit,2022-12-07,Unknown,AXIS004,Rejected,378,Pending,Inactive
A11578,Ravi,39,Other,Unknown,184780,-14660,debit,2023-04-22,Delhi,ICICI003,Rejected,453,Rejected,Inactive
A11395,Priya,20,Other,Unknown,162286,28112,credit,2022-03-14,Unknown,ICICI003,Pending,593,Pending,Active
A11208,Amit,37,Male,Credit,115745,10787,credit,2024-06-04,Chennai,Unknown,Rejected,348,Rejected,Inactive
A12492,John,20,Other,Unknown,146287,-18395,debit,2022-12-28,Chennai,AXIS004,Rejected,879,Pending,Inactive
A12536,Amit,60,Other,Unknown,73832,-14213,debit,2022-09-21,Bangalore,ICICI003,Approved,859,Verified,Active
A12334,Sara,61,Other,Current,72098,-31594,debit,2021-03-06,Unknown,AXIS004,Rejected,479,Rejected,Inactive
A11304,John,44,Other,Credit,39840,-2766,debit,2025-10-23,Unknown,ICICI003,Rejected,452,Rejected,Inactive
A10637,John,19,Male,Credit,103555,-3302,debit,2025-04-21,Mumbai,Unknown,Pending,572,Pending,Closed
A10770,Amit,21,Other,Unknown,157337,15583,credit,2023-11-25,Unknown,Unknown,Rejected,325,Pending,Inactive
A10094,Amit,72,Other,Current,10144,46883,credit,2021-02-19,Bangalore,SBI002,Rejected,408,Rejected,Inactive
A13298,John,35,Female,Current,147371,-15201,debit,2022-04-18,Bangalore,HDFC001,Rejected,480,Rejected,Inactive
A11899,Amit,73,Other,Savings,107118,46916,credit,2025-07-29,Delhi,ICICI003,Pending,463,Pending,Active
A13341,Amit,43,Other,Unknown,45196,-13163,debit,2024-03-14,Mumbai,AXIS004,Rejected,824,Rejected,Inactive
A11904,John,32,Female,Current,92250,-30024,debit,2025-01-20,Delhi,Unknown,Pending,359,Pending,Inactive
A12344,John,45,Female,Current,9993,-3582,debit,2022-12-23,Mumbai,SBI002,Rejected,873,Rejected,Inactive
A11352,John,40,Female,Current,101503,30435,credit,2022-03-18,Unknown,Unknown,Rejected,667,Rejected,Closed
A13091,Neha,33,Other,Unknown,114877,8063,credit,2024-04-01,Pune,AXIS004,Rejected,540,Pending,Inactive
A10607,Sara,68,Female,Current,143296,25699,credit,2023-12-27,Delhi,AXIS004,Approved,423,Verified,Dormant
A11434,John,36,Other,Unknown,33575,22221,credit,2025-12-06,Unknown,Unknown,Rejected,714,Rejected,Active
A12498,Neha,29,Other,Savings,15259,11079,credit,2025-05-31,Chennai,ICICI003,Rejected,804,Pending,Inactive
A11272,Priya,72,Male,Unknown,141866,45174,credit,2021-04-15,Mumbai,HDFC001,Approved,802,Verified,Active
A10180,Sara,42,Other,Savings,54325,16429,credit,2025-05-04,Unknown,Unknown,Approved,879,Verified,Active
A12371,John,23,Other,Unknown,57062,-16710,debit,2025-05-12,Bangalore,Unknown,Rejected,565,Rejected,Active
A13052,Priya,61,Female,Current,102179,17025,credit,2021-07-19,Bangalore,AXIS004,Rejected,363,Rejected,Active
A13332,Amit,24,Other,Savings,178844,-14842,debit,2024-05-26,Bangalore,HDFC001,Rejected,425,Verified,Active
A10749,Amit,27,Female,Loan,135190,-11119,debit,2021-11-08,Delhi,AXIS004,Rejected,329,Rejected,Inactive
A12187,Sara,61,Other,Loan,140792,-19049,debit,2022-12-26,Unknown,HDFC001,Rejected,688,Verified,Dormant
A11020,John,64,Male,Loan,88338,-49863,debit,2022-09-12,Bangalore,AXIS004,Rejected,462,Verified,Active
A12646,Amit,22,Other,Loan,122346,-8387,debit,2024-04-05,Chennai,Unknown,Rejected,745,Pending,Active
A12937,Amit,30,Other,Unknown,156606,-43340,debit,2024-04-15,Bangalore,Unknown,Rejected,410,Rejected,Inactive
A11645,Amit,63,Other,Unknown,167754,-23656,debit,2025-11-13,Pune,ICICI003,Rejected,403,Pending,Inactive
A10843,Priya,55,Other,Unknown,175756,32192,credit,2021-09-07,Unknown,SBI002,Rejected,595,Pending,Closed
A12744,Priya,36,Female,Loan,31330,-19496,debit,2022-12-29,Delhi,SBI002,Approved,590,Verified,Dormant
A11552,Amit,27,Other,Current,30604,-17710,debit,2024-01-28,Unknown,HDFC001,Pending,308,Pending,Active
A13224,John,26,Other,Credit,40868,29211,credit,2022-09-29,Unknown,Unknown,Rejected,899,Pending,Inactive
A10925,Neha,71,Male,Unknown,167308,-24120,debit,2023-09-24,Mumbai,SBI002,Pending,857,Pending,Dormant
A12197,Unknown,58,Other,Loan,-2256,44990,credit,2022-10-04,Chennai,ICICI003,Rejected,487,Pending,Inactive
A11134,Ravi,21,Female,Current,148550,-3605,debit,2024-02-11,Unknown,HDFC001,Approved,595,Verified,Dormant
A10025,Neha,18,Other,Unknown,58552,16295,credit,2023-10-11,Unknown,SBI002,Approved,714,Verified,Active
A11488,Neha,50,Male,Savings,166695,-5239,debit,2023-05-06,Chennai,AXIS004,Rejected,365,Pending,Inactive
A10956,Amit,27,Female,Current,135534,7171,credit,2024-02-09,Unknown,Unknown,Pending,833,Verified,Active
A11913,Neha,70,Other,Credit,54675,12585,credit,2025-09-19,Unknown,ICICI003,Rejected,374,Rejected,Inactive
A12934,Priya,26,Female,Loan,29518,-19462,debit,2024-12-20,Mumbai,Unknown,Approved,471,Verified,Active
A11141,Neha,45,Other,Unknown,160042,4179,credit,2025-02-25,Chennai,ICICI003,Approved,819,Verified,Active
A11469,Unknown,71,Other,Current,90981,25186,credit,2025-03-30,Chennai,Unknown,Rejected,340,Pending,Inactive
A11619,Sara,49,Female,Credit,183961,-15514,debit,2021-06-22,Unknown,HDFC001,Approved,877,Verified,Active
A12721,Unknown,33,Other,Unknown,53582,48913,credit,2023-06-30,Bangalore,AXIS004,Rejected,405,Rejected,Inactive
A11896,Neha,41,Female,Unknown,47249,37109,credit,2023-01-09,Unknown,SBI002,Rejected,427,Rejected,Inactive
A10928,Amit,40,Female,Loan,117456,16152,credit,2021-02-02,Delhi,HDFC001,Rejected,326,Rejected,Inactive
A13300,Amit,30,Other,Credit,5366,-19783,debit,2024-06-21,Bangalore,Unknown,Rejected,630,Pending,Inactive
A11531,Priya,35,Female,Credit,38544,23968,credit,2022-11-20,Unknown,AXIS004,Approved,709,Verified,Active
A12811,Neha,41,Male,Unknown,154871,1329,credit,2021-11-09,Delhi,HDFC001,Rejected,708,Pending,Closed
A12169,Unknown,27,Female,Current,54755,-3902,debit,2025-02-14,Chennai,ICICI003,Rejected,898,Rejected,Inactive
A11350,John,23,Male,Unknown,131223,-9414,debit,2025-12-14,Chennai,Unknown,Approved,730,Verified,Active
A10469,Priya,52,Other,Current,182200,-13312,debit,2024-02-29,Delhi,Unknown,Rejected,810,Pending,Inactive
A12335,Priya,50,Other,Unknown,34102,27868,credit,2025-10-01,Chennai,Unknown,Pending,584,Verified,Active
A10525,Neha,41,Other,Loan,130785,26550,credit,2022-02-09,Bangalore,HDFC001,Rejected,504,Rejected,Inactive
A11863,John,24,Male,Current,59933,15219,credit,2023-07-25,Bangalore,Unknown,Approved,873,Verified,Active
A11720,Neha,34,Other,Loan,186997,38344,credit,2022-07-05,Unknown,AXIS004,Rejected,464,Pending,Inactive
A11176,Unknown,45,Other,Unknown,56865,49094,credit,2022-10-05,Delhi,SBI002,Rejected,353,Rejected,Inactive
A10591,Priya,53,Male,Unknown,111342,28693,credit,2022-03-11,Chennai,HDFC001,Rejected,731,Pending,Dormant
A12089,Neha,37,Male,Credit,54056,27848,credit,2024-11-18,Bangalore,HDFC001,Approved,810,Verified,Active
A12322,Unknown,31,Other,Credit,141540,6109,credit,2021-04-01,Unknown,Unknown,Rejected,610,Pending,Dormant
A10207,John,19,Other,Loan,170369,-12348,debit,2024-02-11,Bangalore,HDFC001,Rejected,548,Verified,Active
A12827,Amit,51,Other,Credit,174133,-3072,debit,2025-05-18,Bangalore,AXIS004,Pending,525,Pending,Active
A10166,Amit,29,Other,Unknown,111351,-14045,debit,2021-08-22,Chennai,Unknown,Rejected,768,Rejected,Active
A12159,Amit,35,Other,Current,152524,-11375,debit,2021-05-02,Pune,Unknown,Approved,466,Verified,Active
A13421,Neha,51,Female,Credit,-4208,25675,credit,2025-06-24,Delhi,Unknown,Rejected,502,Rejected,Inactive
A11153,Amit,21,Other,Unknown,51614,-24895,debit,2024-04-06,Delhi,AXIS004,Rejected,800,Rejected,Inactive
A12783,Amit,40,Female,Current,60783,20670,credit,2022-10-22,Bangalore,HDFC001,Rejected,495,Pending,Inactive
A11910,Priya,55,Other,Savings,145051,-9291,debit,2021-04-26,Unknown,ICICI003,Rejected,790,Rejected,Inactive
A12860,Unknown,32,Female,Loan,21181,-11202,debit,2024-06-05,Mumbai,Unknown,Approved,880,Verified,Active
A10216,Neha,51,Other,Current,73758,13755,credit,2025-03-18,Bangalore,AXIS004,Pending,546,Verified,Dormant
A13453,Neha,21,Other,Savings,89435,10920,credit,2024-03-22,Bangalore,Unknown,Rejected,350,Rejected,Inactive
A10024,Neha,31,Female,Credit,63452,41092,credit,2021-11-17,Chennai,HDFC001,Pending,550,Pending,Dormant
A10067,Neha,45,Female,Credit,126653,-35962,debit,2023-11-01,Unknown,AXIS004,Rejected,560,Rejected,Inactive
A13026,Neha,33,Female,Credit,156049,-10985,debit,2025-04-21,Pune,ICICI003,Rejected,824,Pending,Inactive
A11007,Amit,22,Other,Unknown,88199,3589,credit,2022-12-09,Delhi,Unknown,Rejected,562,Rejected,Closed
A12282,Unknown,51,Female,Loan,25977,8268,credit,2024-07-29,Bangalore,HDFC001,Rejected,507,Pending,Inactive
A11740,Amit,48,Female,Unknown,72054,-13846,debit,2024-03-25,Chennai,Unknown,Approved,346,Verified,Active
A12022,John,59,Other,Credit,192814,-6335,debit,2021-07-02,Delhi,Unknown,Rejected,642,Rejected,Inactive
A10291,Sara,46,Female,Loan,96153,-42804,debit,2024-01-19,Mumbai,AXIS004,Rejected,739,Rejected,Inactive
A11750,Unknown,27,Other,Current,140095,38413,credit,2023-02-01,Chennai,AXIS004,Rejected,748,Pending,Dormant
A11022,Sara,29,Other,Credit,32422,17143,credit,2024-07-15,Bangalore,HDFC001,Pending,673,Verified,Active
A12749,John,43,Male,Loan,106069,25835,credit,2024-05-17,Chennai,SBI002,Approved,471,Verified,Dormant
A12775,Neha,66,Other,Unknown,135378,3489,credit,2021-12-09,Delhi,ICICI003,Pending,894,Pending,Dormant
A12603,Amit,45,Other,Unknown,140592,-3309,debit,2025-09-24,Chennai,SBI002,Approved,657,Verified,Dormant
A12080,Amit,27,Other,Credit,156882,-6492,debit,2022-06-05,Unknown,Unknown,Approved,537,Verified,Active
A13083,Amit,50,Female,Credit,133635,-7389,debit,2023-11-11,Mumbai,HDFC001,Approved,848,Verified,Active
A11640,Sara,39,Female,Current,127773,29999,credit,2024-08-29,Unknown,Unknown,Rejected,308,Pending,Inactive
A12260,Unknown,54,Other,Unknown,156219,-21780,debit,2023-04-13,Chennai,HDFC001,Pending,382,Pending,Active
A11162,Amit,29,Female,Current,15633,33416,credit,2022-04-23,Chennai,AXIS004,Rejected,522,Pending,Inactive
A11718,Neha,53,Other,Credit,137560,15265,credit,2022-03-20,Delhi,AXIS004,Rejected,724,Rejected,Inactive
A11445,Amit,74,Male,Credit,113296,26073,credit,2025-10-26,Unknown,HDFC001,Rejected,467,Verified,Active
A10623,Ravi,45,Other,Loan,76414,-1896,debit,2025-06-26,Mumbai,SBI002,Approved,537,Verified,Active
A10770,Amit,21,Other,Unknown,56572,-15379,debit,2022-06-24,Unknown,Unknown,Rejected,736,Pending,Active
A11563,Sara,20,Female,Savings,116451,-4403,debit,2021-06-16,Mumbai,SBI002,Rejected,737,Pending,Active
A11241,Neha,19,Other,Unknown,74355,46262,credit,2024-08-19,Mumbai,ICICI003,Rejected,842,Rejected,Inactive
A12711,Priya,46,Male,Unknown,192235,-6983,debit,2021-10-24,Unknown,Unknown,Rejected,467,Pending,Inactive
A10821,John,54,Other,Loan,187340,10823,credit,2024-12-13,Mumbai,AXIS004,Rejected,374,Rejected,Inactive
A10307,Amit,72,Other,Credit,43817,-6362,debit,2023-10-15,Mumbai,ICICI003,Approved,798,Verified,Active
A11198,Amit,20,Female,Unknown,161715,6228,credit,2025-07-31,Unknown,AXIS004,Rejected,448,Rejected,Inactive
A11172,Neha,53,Female,Current,52226,-5635,debit,2023-12-12,Bangalore,HDFC001,Rejected,846,Pending,Inactive
A12997,John,47,Female,Credit,109004,-23333,debit,2025-12-27,Bangalore,Unknown,Rejected,878,Rejected,Inactive
A11565,John,18,Other,Credit,73433,-5144,debit,2021-04-10,Unknown,ICICI003,Approved,818,Verified,Active
A12595,Amit,59,Other,Savings,140038,-4722,debit,2022-12-03,Mumbai,SBI002,Rejected,744,Pending,Inactive
A10807,Amit,41,Female,Unknown,10466,17113,credit,2024-05-24,Unknown,ICICI003,Rejected,627,Pending,Dormant
A13465,Sara,55,Female,Credit,53308,294,credit,2021-04-03,Chennai,ICICI003,Approved,401,Verified,Active
A12121,Unknown,47,Male,Credit,33480,-14882,debit,2021-10-20,Pune,ICICI003,Approved,801,Verified,Active
A10297,Sara,51,Male,Unknown,45934,25449,credit,2024-04-14,Mumbai,Unknown,Approved,744,Verified,Active
A12967,Ravi,53,Male,Unknown,137917,-4321,debit,2023-05-04,Delhi,Unknown,Pending,541,Verified,Active
A10730,Priya,60,Other,Unknown,45616,14593,credit,2024-12-02,Delhi,SBI002,Pending,323,Pending,Inactive
A11970,Amit,34,Other,Credit,22652,2975,credit,2024-10-19,Delhi,Unknown,Approved,465,Verified,Active
A12924,John,18,Other,Credit,48875,-3471,debit,2023-07-16,Delhi,Unknown,Rejected,486,Rejected,Inactive
A11795,Ravi,51,Other,Unknown,64078,-10804,debit,2022-07-04,Chennai,ICICI003,Rejected,778,Pending,Inactive
A11823,John,21,Other,Unknown,122516,-13481,debit,2021-01-26,Unknown,ICICI003,Rejected,352,Rejected,Inactive
A12825,Neha,49,Male,Credit,7168,20283,credit,2021-09-18,Chennai,AXIS004,Approved,401,Verified,Dormant
A13466,Amit,28,Female,Credit,49502,42793,credit,2022-02-09,Bangalore,ICICI003,Pending,622,Pending,Inactive
A10429,Sara,54,Other,Unknown,22240,10679,credit,2024-06-30,Pune,Unknown,Rejected,648,Pending,Inactive
A10199,Amit,26,Other,Unknown,10818,-29337,debit,2024-11-04,Delhi,AXIS004,Rejected,502,Rejected,Closed
A11447,John,41,Other,Unknown,123228,6420,credit,2021-04-03,Chennai,Unknown,Rejected,752,Pending,Inactive
A11085,John,43,Female,Credit,61383,30428,credit,2023-03-05,Pune,Unknown,Approved,773,Verified,Active
A12389,John,43,Other,Loan,36791,29524,credit,2023-04-17,Chennai,ICICI003,Rejected,460,Rejected,Inactive
A10865,Amit,44,Other,Credit,7476,-17343,debit,2024-05-16,Chennai,AXIS004,Rejected,891,Pending,Inactive
A13116,Priya,28,Other,Unknown,181249,-6143,debit,2023-04-20,Delhi,HDFC001,Rejected,639,Rejected,Inactive
A12850,Neha,50,Female,Unknown,-2370,18067,credit,2021-11-01,Unknown,AXIS004,Rejected,325,Pending,Inactive
A11954,Amit,21,Other,Credit,167631,1867,credit,2022-03-27,Unknown,AXIS004,Rejected,889,Pending,Inactive
A11112,Ravi,39,Male,Unknown,112492,-4517,debit,2024-06-01,Mumbai,HDFC001,Rejected,367,Verified,Dormant
A12081,Priya,58,Male,Credit,124116,-17494,debit,2025-08-18,Pune,HDFC001,Rejected,534,Rejected,Inactive
A12693,Ravi,31,Other,Credit,97507,19568,credit,2023-08-18,Unknown,ICICI003,Rejected,574,Pending,Inactive
A12280,John,50,Female,Loan,190603,-16096,debit,2023-06-15,Bangalore,Unknown,Rejected,348,Rejected,Active
A10767,Neha,44,Female,Credit,4620,21878,credit,2023-02-14,Unknown,AXIS004,Rejected,689,Rejected,Inactive
A12084,Amit,23,Female,Current,124367,28618,credit,2021-01-03,Mumbai,AXIS004,Rejected,607,Pending,Inactive
A11792,Neha,29,Male,Unknown,154722,17449,credit,2023-05-26,Mumbai,Unknown,Pending,595,Verified,Active
A11483,Priya,58,Other,Unknown,111712,-31304,debit,2024-10-21,Unknown,ICICI003,Rejected,750,Rejected,Closed
A12338,Ravi,30,Other,Current,6560,31770,credit,2023-09-13,Bangalore,HDFC001,Rejected,405,Pending,Inactive
A10197,Sara,45,Male,Credit,68165,29602,credit,2021-03-01,Bangalore,AXIS004,Rejected,473,Rejected,Inactive
A10894,Sara,52,Female,Current,159787,16666,credit,2025-06-27,Delhi,SBI002,Rejected,469,Rejected,Inactive
A11973,John,18,Other,Current,12786,-25565,debit,2024-11-24,Bangalore,HDFC001,Rejected,891,Pending,Inactive
A11278,Sara,73,Other,Current,81963,-10920,debit,2024-11-04,Pune,HDFC001,Rejected,740,Rejected,Closed
A13152,Ravi,45,Male,Credit,108636,-15440,debit,2025-08-19,Delhi,Unknown,Rejected,327,Rejected,Inactive
A11470,Amit,62,Female,Savings,66014,-14589,debit,2024-05-29,Chennai,AXIS004,Approved,553,Verified,Active
A10136,Sara,37,Female,Unknown,164944,37243,credit,2025-10-20,Delhi,AXIS004,Pending,882,Verified,Dormant
A12237,John,66,Male,Credit,13930,-18754,debit,2021-07-12,Chennai,Unknown,Rejected,853,Pending,Inactive
A12177,Neha,38,Female,Loan,165230,36221,credit,2024-08-11,Unknown,Unknown,Rejected,789,Pending,Inactive
A12257,Amit,30,Female,Credit,89192,-14397,debit,2024-04-26,Chennai,Unknown,Approved,368,Verified,Active
A11392,Ravi,35,Male,Unknown,86499,-2521,debit,2024-11-20,Chennai,HDFC001,Pending,865,Pending,Dormant
A12339,Amit,47,Other,Credit,90834,-16793,debit,2021-10-05,Bangalore,HDFC001,Approved,384,Verified,Active
A11400,John,18,Other,Unknown,112998,-15225,debit,2023-02-14,Unknown,Unknown,Rejected,538,Rejected,Inactive
A13419,Amit,18,Other,Unknown,167821,8557,credit,2021-02-17,Bangalore,Unknown,Pending,524,Pending,Dormant
A10168,Amit,29,Other,Credit,123755,-19117,debit,2024-03-23,Chennai,HDFC001,Rejected,813,Rejected,Inactive
A11908,John,60,Female,Loan,111855,33033,credit,2023-07-05,Delhi,Unknown,Rejected,829,Pending,Inactive
A12852,Priya,22,Other,Unknown,83569,12148,credit,2024-08-23,Chennai,AXIS004,Approved,324,Verified,Dormant
A10176,Ravi,36,Male,Loan,23828,14983,credit,2021-09-17,Unknown,ICICI003,Rejected,537,Rejected,Inactive
A11561,John,44,Male,Loan,92326,5547,credit,2022-09-01,Unknown,Unknown,Rejected,412,Rejected,Dormant
A10323,Priya,69,Male,Loan,124698,-6945,debit,2024-11-27,Delhi,ICICI003,Rejected,563,Pending,Inactive
A10508,Amit,40,Other,Current,29507,-8753,debit,2025-08-21,Unknown,Unknown,Rejected,696,Rejected,Inactive
A12851,Amit,18,Other,Savings,169442,-46806,debit,2023-06-10,Unknown,AXIS004,Pending,574,Pending,Inactive
A13186,Ravi,31,Other,Unknown,171912,-26818,debit,2023-12-25,Chennai,Unknown,Approved,506,Verified,Active
A11822,Priya,31,Male,Loan,113057,27210,credit,2021-05-21,Bangalore,HDFC001,Rejected,676,Pending,Active
A11053,Neha,28,Other,Unknown,69701,-5861,debit,2021-02-14,Unknown,SBI002,Rejected,477,Rejected,Inactive
A11777,John,30,Other,Current,112845,46623,credit,2021-08-16,Unknown,ICICI003,Rejected,753,Pending,Inactive
A13361,Ravi,21,Female,Unknown,137575,3275,credit,2025-11-04,Unknown,Unknown,Rejected,550,Pending,Inactive
A10146,Sara,27,Female,Unknown,142336,-12891,debit,2024-08-29,Chennai,Unknown,Rejected,818,Pending,Inactive
A11297,Amit,46,Female,Unknown,67249,6244,credit,2021-03-17,Unknown,AXIS004,Pending,531,Pending,Active
A10221,John,21,Male,Unknown,38149,-13069,debit,2023-02-11,Bangalore,Unknown,Rejected,773,Rejected,Inactive
A12388,Priya,58,Other,Current,22933,5281,credit,2025-09-06,Unknown,AXIS004,Rejected,377,Rejected,Inactive
A10509,Neha,52,Male,Savings,48924,32532,credit,2025-05-13,Unknown,HDFC001,Approved,817,Verified,Active
A12562,John,24,Female,Credit,100463,20880,credit,2021-06-07,Unknown,ICICI003,Rejected,828,Rejected,Inactive
A12117,Amit,48,Female,Loan,150406,8371,credit,2024-12-05,Mumbai,Unknown,Approved,422,Verified,Active
A11381,John,24,Male,Credit,41439,-17206,debit,2022-10-11,Delhi,ICICI003,Rejected,384,Rejected,Inactive
A10908,Neha,18,Female,Savings,16988,-36388,debit,2025-01-13,Bangalore,AXIS004,Rejected,727,Rejected,Inactive
A10556,Ravi,22,Female,Current,92887,36672,credit,2023-08-20,Unknown,HDFC001,Rejected,525,Rejected,Inactive
A10885,John,22,Other,Unknown,195574,3259,credit,2023-10-10,Chennai,Unknown,Rejected,812,Pending,Inactive
A12813,Neha,33,Male,Credit,192928,23581,credit,2025-05-26,Unknown,ICICI003,Rejected,539,Pending,Inactive
A11346,Ravi,18,Male,Loan,172263,-851,debit,2022-05-27,Mumbai,AXIS004,Pending,601,Verified,Active
A12139,Unknown,69,Male,Savings,166552,13874,credit,2022-04-18,Pune,AXIS004,Rejected,315,Verified,Active
A13413,Sara,53,Other,Savings,150809,15808,credit,2023-08-11,Delhi,ICICI003,Rejected,700,Rejected,Inactive
A10423,Unknown,40,Other,Unknown,116327,-9066,debit,2023-04-28,Delhi,AXIS004,Approved,558,Verified,Dormant
A13486,Amit,48,Other,Loan,89489,1259,credit,2024-01-04,Chennai,HDFC001,Approved,828,Verified,Active
A12758,Sara,57,Male,Credit,195092,8754,credit,2025-12-16,Pune,SBI002,Rejected,768,Pending,Inactive
A10967,Ravi,47,Other,Savings,45083,47696,credit,2022-09-21,Unknown,SBI002,Approved,337,Verified,Active
A10274,John,40,Other,Savings,130587,33778,credit,2021-08-03,Unknown,Unknown,Rejected,472,Rejected,Inactive
A10860,Sara,41,Female,Unknown,13634,11957,credit,2022-11-13,Chennai,AXIS004,Pending,465,Pending,Active
A12091,Amit,67,Male,Current,193642,-16383,debit,2023-04-22,Chennai,ICICI003,Pending,598,Pending,Dormant
A11107,Amit,19,Other,Unknown,181392,-17011,debit,2024-01-01,Bangalore,AXIS004,Rejected,429,Pending,Inactive
A10433,Priya,53,Female,Credit,7007,88,credit,2021-11-18,Unknown,AXIS004,Rejected,358,Pending,Inactive
A10809,Amit,74,Male,Credit,163631,-3773,debit,2024-11-18,Mumbai,HDFC001,Approved,698,Verified,Active
A12141,Amit,29,Female,Loan,29641,1877,credit,2024-03-03,Mumbai,SBI002,Rejected,533,Verified,Closed
A11198,Amit,20,Female,Unknown,2932,-47640,debit,2025-07-06,Unknown,AXIS004,Rejected,460,Pending,Inactive
A11429,John,39,Male,Unknown,128406,3506,credit,2022-11-19,Chennai,AXIS004,Rejected,498,Pending,Dormant
A10201,John,30,Female,Unknown,156524,20995,credit,2025-11-16,Bangalore,Unknown,Pending,726,Pending,Inactive
A12546,Amit,21,Male,Credit,145244,17350,credit,2021-02-22,Unknown,Unknown,Rejected,359,Rejected,Inactive
A12528,Amit,20,Other,Credit,176435,-6942,debit,2021-07-11,Bangalore,Unknown,Rejected,532,Rejected,Active
A12011,Sara,45,Female,Current,38664,3171,credit,2024-01-22,Delhi,ICICI003,Approved,777,Verified,Active
A10329,Sara,30,Female,Savings,150998,-26138,debit,2025-07-04,Pune,SBI002,Approved,595,Verified,Active
A10209,Neha,67,Female,Unknown,84528,11619,credit,2024-05-19,Unknown,Unknown,Rejected,602,Pending,Active
A12665,Amit,19,Female,Credit,50643,-16321,debit,2025-05-31,Bangalore,Unknown,Pending,532,Pending,Inactive
A11978,John,45,Female,Credit,124635,-17173,debit,2024-05-07,Unknown,AXIS004,Rejected,736,Pending,Inactive
A11040,Neha,42,Other,Credit,91467,-49089,debit,2024-04-17,Delhi,ICICI003,Rejected,860,Rejected,Active
A12154,Sara,53,Male,Savings,181978,-25650,debit,2022-06-16,Delhi,Unknown,Rejected,501,Verified,Closed
A10164,Ravi,18,Female,Current,35519,45645,credit,2021-09-04,Chennai,AXIS004,Rejected,545,Pending,Inactive
A10606,Amit,23,Other,Unknown,47055,-39480,debit,2024-09-15,Bangalore,AXIS004,Rejected,696,Pending,Closed
A12676,Amit,34,Female,Unknown,114938,372,credit,2021-12-20,Delhi,Unknown,Rejected,681,Pending,Inactive
A11215,Sara,20,Other,Current,93226,48938,credit,2024-07-24,Pune,Unknown,Approved,795,Verified,Active
A11219,Unknown,53,Other,Credit,122901,21692,credit,2022-04-28,Delhi,ICICI003,Approved,581,Verified,Active
A11331,Neha,28,Male,Unknown,159645,-12887,debit,2021-11-29,Bangalore,Unknown,Rejected,452,Rejected,Inactive
A10136,Sara,37,Female,Unknown,105692,44951,credit,2022-07-28,Delhi,AXIS004,Approved,889,Verified,Active
A10952,Unknown,62,Other,Loan,127928,-24764,debit,2022-04-03,Chennai,HDFC001,Pending,533,Verified,Closed
A10859,Amit,45,Other,Credit,154057,17548,credit,2023-05-11,Chennai,HDFC001,Rejected,522,Rejected,Inactive
A13165,Amit,22,Female,Credit,165386,-40511,debit,2021-10-30,Unknown,Unknown,Pending,541,Pending,Closed
A11915,Amit,49,Other,Credit,4800,30856,credit,2025-12-11,Chennai,ICICI003,Approved,867,Verified,Active
A12798,Sara,56,Other,Current,68606,13908,credit,2022-07-15,Chennai,AXIS004,Approved,536,Verified,Active
A11111,John,23,Other,Credit,16110,-1086,debit,2024-10-28,Delhi,HDFC001,Approved,586,Verified,Active
A10160,Amit,40,Female,Credit,29512,25457,credit,2024-08-26,Chennai,Unknown,Rejected,741,Pending,Inactive
A12195,Priya,45,Female,Current,21016,-4568,debit,2024-09-05,Chennai,Unknown,Rejected,831,Pending,Inactive
A10584,Neha,67,Male,Credit,34074,1902,credit,2021-06-24,Bangalore,AXIS004,Rejected,562,Pending,Inactive
A12503,John,24,Other,Unknown,199554,-38893,debit,2021-07-01,Chennai,Unknown,Pending,374,Pending,Dormant
A11111,John,23,Other,Credit,34744,49033,credit,2022-12-25,Delhi,HDFC001,Approved,546,Verified,Dormant
A13085,John,24,Other,Unknown,178891,-45892,debit,2024-06-21,Unknown,AXIS004,Rejected,562,Rejected,Closed
A13386,John,26,Female,Credit,19876,42180,credit,2023-07-19,Bangalore,AXIS004,Rejected,849,Rejected,Inactive
A11617,Amit,20,Male,Loan,194098,-49316,debit,2025-08-08,Mumbai,SBI002,Pending,305,Pending,Active
A11144,Priya,18,Other,Loan,185622,23873,credit,2021-10-24,Mumbai,SBI002,Rejected,718,Pending,Active
A11908,John,60,Female,Loan,97882,12268,credit,2025-03-19,Delhi,Unknown,Rejected,393,Pending,Inactive
A12999,Ravi,42,Other,Loan,174715,7628,credit,2025-05-17,Bangalore,SBI002,Rejected,566,Rejected,Inactive
A12880,Amit,60,Other,Unknown,32771,39074,credit,2022-02-04,Delhi,Unknown,Rejected,775,Rejected,Inactive
A12763,Priya,47,Other,Loan,159867,14088,credit,2023-04-29,Mumbai,SBI002,Rejected,606,Rejected,Inactive
A10732,Priya,46,Other,Loan,194542,-8784,debit,2025-11-16,Delhi,Unknown,Rejected,525,Rejected,Inactive
A10932,Amit,30,Female,Unknown,165960,-1539,debit,2024-04-20,Unknown,Unknown,Approved,790,Verified,Active
A10281,Ravi,22,Male,Current,3533,-13038,debit,2023-06-27,Delhi,HDFC001,Rejected,758,Pending,Inactive
A10800,Ravi,26,Female,Unknown,27378,18511,credit,2021-05-14,Bangalore,SBI002,Rejected,521,Verified,Active
A13498,John,36,Other,Credit,-2985,30174,credit,2021-07-11,Pune,Unknown,Approved,822,Verified,Active
A10470,Sara,63,Male,Loan,37008,-2704,debit,2022-04-14,Chennai,SBI002,Rejected,482,Pending,Inactive
A11308,Priya,46,Other,Credit,109020,43830,credit,2022-04-09,Bangalore,AXIS004,Approved,649,Verified,Dormant
A13348,Priya,25,Other,Current,16695,-32140,debit,2023-12-22,Delhi,Unknown,Rejected,376,Pending,Inactive
A13396,Neha,26,Other,Savings,114289,-9942,debit,2022-10-16,Bangalore,ICICI003,Rejected,562,Pending,Inactive
A11558,John,28,Other,Unknown,85504,757,credit,2023-11-18,Unknown,AXIS004,Rejected,675,Rejected,Inactive
A11251,John,18,Female,Unknown,4041,11481,credit,2024-03-20,Mumbai,ICICI003,Rejected,350,Verified,Active
A12938,Amit,60,Female,Unknown,137878,31008,credit,2024-02-25,Unknown,SBI002,Approved,861,Verified,Active
A10595,Amit,32,Female,Unknown,37022,11308,credit,2025-11-22,Bangalore,AXIS004,Pending,470,Pending,Active
A10647,Ravi,38,Male,Unknown,150388,-18918,debit,2024-09-28,Pune,SBI002,Rejected,458,Verified,Active
A10573,Amit,23,Other,Unknown,144155,-24464,debit,2025-10-02,Unknown,AXIS004,Rejected,639,Rejected,Closed
A12701,Sara,39,Male,Savings,91824,12240,credit,2023-12-03,Mumbai,ICICI003,Rejected,585,Rejected,Inactive
A11541,Neha,32,Female,Unknown,76565,46823,credit,2025-08-15,Bangalore,AXIS004,Pending,792,Verified,Active
A10256,Amit,45,Male,Unknown,123656,22990,credit,2025-02-05,Chennai,AXIS004,Rejected,430,Rejected,Inactive
A13208,Amit,20,Male,Current,32619,24229,credit,2023-05-05,Delhi,Unknown,Rejected,550,Rejected,Closed
A13279,Amit,60,Other,Unknown,50731,44129,credit,2021-08-19,Bangalore,AXIS004,Rejected,493,Pending,Dormant
A12511,Ravi,18,Female,Loan,122530,19651,credit,2023-06-20,Unknown,AXIS004,Approved,669,Verified,Active
A11163,John,29,Other,Current,74334,-11696,debit,2021-02-07,Mumbai,HDFC001,Rejected,590,Pending,Active
A11028,John,42,Female,Unknown,176919,1043,credit,2022-09-05,Unknown,Unknown,Rejected,772,Rejected,Dormant
A12471,Priya,33,Female,Savings,70260,-1743,debit,2022-11-05,Delhi,HDFC001,Rejected,409,Rejected,Inactive
A10348,Amit,65,Female,Credit,98886,1089,credit,2025-07-13,Mumbai,SBI002,Rejected,680,Pending,Dormant
A12989,Neha,43,Other,Current,121530,48092,credit,2024-02-15,Delhi,AXIS004,Rejected,656,Rejected,Inactive
A11306,Neha,23,Other,Current,146234,-13335,debit,2023-07-31,Chennai,HDFC001,Pending,625,Pending,Active
A10586,Neha,40,Other,Credit,86458,-3380,debit,2025-04-26,Bangalore,Unknown,Pending,464,Pending,Dormant
A11844,Ravi,49,Other,Credit,111084,-31507,debit,2021-02-06,Delhi,AXIS004,Rejected,821,Verified,Closed
A11006,Amit,22,Female,Unknown,197171,13185,credit,2025-04-07,Chennai,ICICI003,Rejected,739,Rejected,Active
A13291,Amit,52,Male,Loan,13536,35516,credit,2023-05-11,Delhi,HDFC001,Rejected,371,Pending,Dormant
A12867,John,47,Female,Unknown,-216,20,credit,2023-12-01,Unknown,SBI002,Rejected,354,Pending,Inactive
A10739,Neha,30,Female,Loan,59853,-11630,debit,2021-03-02,Bangalore,HDFC001,Pending,495,Pending,Active
A10873,Priya,62,Male,Loan,9754,-13852,debit,2023-09-14,Bangalore,ICICI003,Pending,701,Verified,Active
A10786,Amit,38,Female,Loan,155104,37773,credit,2024-03-03,Unknown,HDFC001,Pending,309,Pending,Active
A13445,John,64,Other,Credit,23506,8541,credit,2022-04-11,Mumbai,AXIS004,Pending,663,Verified,Active
A11314,Neha,51,Male,Current,34771,30916,credit,2024-05-12,Mumbai,HDFC001,Pending,316,Pending,Active
A10437,Amit,20,Female,Current,86531,48292,credit,2023-02-13,Bangalore,Unknown,Pending,706,Pending,Active
A11847,Sara,64,Other,Loan,86795,5543,credit,2023-08-02,Unknown,Unknown,Rejected,885,Rejected,Inactive
A11532,Priya,48,Other,Savings,63530,-7969,debit,2024-10-11,Bangalore,Unknown,Rejected,427,Rejected,Inactive
A11020,John,64,Male,Loan,144355,-12332,debit,2025-07-12,Bangalore,AXIS004,Rejected,329,Verified,Active
A12834,Neha,29,Male,Current,11751,15845,credit,2023-03-09,Mumbai,Unknown,Rejected,496,Rejected,Inactive
A10941,Priya,18,Other,Unknown,151884,4417,credit,2022-05-29,Delhi,Unknown,Rejected,764,Rejected,Dormant
A12903,John,24,Female,Unknown,45548,49044,credit,2021-06-30,Unknown,AXIS004,Rejected,499,Pending,Inactive
A10449,John,23,Female,Unknown,179096,-15642,debit,2022-10-28,Unknown,Unknown,Pending,836,Verified,Active
A13398,Ravi,52,Other,Unknown,76187,-32840,debit,2021-02-25,Pune,SBI002,Rejected,381,Rejected,Inactive
A11514,Amit,59,Other,Credit,62307,-1721,debit,2021-06-14,Chennai,AXIS004,Rejected,557,Verified,Closed
A13125,Neha,39,Male,Loan,7149,-16302,debit,2025-10-18,Unknown,Unknown,Approved,583,Verified,Dormant
A10816,John,28,Female,Loan,24105,-42991,debit,2024-10-02,Chennai,Unknown,Rejected,870,Pending,Inactive
A13166,John,45,Other,Savings,148978,23046,credit,2025-11-30,Unknown,AXIS004,Rejected,633,Pending,Closed
A12107,Amit,35,Other,Loan,176425,17769,credit,2023-11-16,Mumbai,Unknown,Rejected,305,Rejected,Inactive
A12384,Sara,56,Male,Current,145314,-46868,debit,2021-03-18,Pune,ICICI003,Rejected,540,Pending,Inactive
A11690,Priya,45,Other,Loan,26655,6951,credit,2022-09-27,Mumbai,AXIS004,Approved,818,Verified,Active
A11660,Amit,24,Other,Current,194348,-23574,debit,2021-02-22,Mumbai,AXIS004,Pending,662,Verified,Active
A10163,Unknown,29,Female,Credit,166599,1974,credit,2025-04-08,Bangalore,ICICI003,Rejected,765,Rejected,Inactive
A10945,John,52,Male,Credit,90771,43345,credit,2021-11-28,Mumbai,AXIS004,Rejected,633,Pending,Active
A11130,Neha,30,Other,Unknown,153498,-10406,debit,2024-10-31,Unknown,Unknown,Rejected,786,Pending,Inactive
A10201,John,30,Female,Unknown,45250,18354,credit,2023-05-16,Bangalore,Unknown,Rejected,562,Rejected,Closed
A13372,John,35,Other,Loan,108231,-5723,debit,2022-07-22,Unknown,AXIS004,Approved,607,Verified,Dormant
A11805,Amit,37,Other,Loan,145800,-8106,debit,2021-01-22,Bangalore,SBI002,Pending,712,Verified,Active
A12937,Amit,30,Other,Unknown,159383,-10785,debit,2025-01-06,Bangalore,Unknown,Pending,473,Pending,Inactive
A11862,Sara,22,Other,Unknown,199971,-24511,debit,2024-12-12,Unknown,Unknown,Rejected,733,Pending,Active
A10550,Ravi,45,Other,Current,-2883,-8379,debit,2024-02-01,Unknown,Unknown,Rejected,676,Pending,Dormant
A11672,Amit,34,Other,Credit,163258,20026,credit,2023-08-10,Pune,ICICI003,Rejected,593,Rejected,Inactive
A13085,John,24,Other,Unknown,189974,13040,credit,2025-09-19,Unknown,AXIS004,Approved,683,Verified,Active
A12040,Priya,58,Other,Savings,18161,41163,credit,2023-05-07,Mumbai,ICICI003,Pending,519,Pending,Active
A10903,John,33,Other,Unknown,126877,-19842,debit,2024-12-13,Bangalore,Unknown,Rejected,342,Rejected,Inactive
A11744,John,20,Female,Savings,111648,14401,credit,2021-09-22,Unknown,AXIS004,Approved,817,Verified,Active
A13064,Neha,28,Female,Credit,195961,-15795,debit,2023-12-23,Mumbai,ICICI003,Pending,310,Pending,Dormant
A12582,Neha,22,Male,Current,107743,-4336,debit,2021-04-07,Bangalore,Unknown,Rejected,718,Pending,Inactive
A10504,Amit,19,Other,Credit,6012,15419,credit,2022-12-19,Unknown,ICICI003,Rejected,496,Pending,Dormant
A12009,Neha,58,Other,Unknown,42650,2621,credit,2024-08-08,Bangalore,HDFC001,Approved,711,Verified,Active
A11800,Priya,47,Other,Credit,150925,12307,credit,2024-03-28,Mumbai,Unknown,Rejected,339,Rejected,Inactive
A13281,Amit,28,Other,Loan,88674,-2885,debit,2021-05-08,Unknown,SBI002,Rejected,709,Pending,Dormant
A11479,Sara,28,Other,Loan,146731,10149,credit,2021-12-26,Bangalore,SBI002,Approved,750,Verified,Active
A12516,Ravi,48,Other,Credit,181060,45120,credit,2025-07-21,Mumbai,Unknown,Rejected,557,Rejected,Inactive
A11497,Sara,35,Male,Savings,176985,9784,credit,2023-10-06,Unknown,Unknown,Rejected,533,Pending,Inactive
A11596,Priya,53,Other,Current,99438,-165,debit,2024-11-06,Bangalore,HDFC001,Rejected,602,Verified,Closed
A10400,Priya,27,Female,Loan,52097,-8952,debit,2022-01-01,Chennai,Unknown,Pending,640,Pending,Inactive
A13128,Ravi,54,Female,Unknown,52573,32914,credit,2024-11-29,Bangalore,AXIS004,Rejected,344,Rejected,Inactive
A12930,John,27,Male,Current,191371,-1963,debit,2022-12-22,Bangalore,AXIS004,Rejected,435,Rejected,Inactive
A12711,Priya,46,Male,Unknown,72425,415,credit,2021-09-29,Unknown,Unknown,Rejected,437,Pending,Inactive
A10280,Priya,39,Other,Savings,145623,-446,debit,2024-01-18,Bangalore,Unknown,Rejected,612,Rejected,Inactive
A11028,John,42,Female,Unknown,64637,2183,credit,2021-06-29,Unknown,Unknown,Approved,594,Verified,Active
A12660,Neha,43,Female,Unknown,-3885,10885,credit,2022-04-23,Mumbai,SBI002,Rejected,734,Rejected,Inactive
A11004,Amit,37,Female,Loan,177374,38595,credit,2025-02-24,Bangalore,Unknown,Rejected,463,Pending,Inactive
A12353,Neha,72,Other,Savings,132653,21198,credit,2022-04-10,Pune,HDFC001,Rejected,564,Verified,Active
A12391,Priya,26,Female,Unknown,3014,-16085,debit,2024-07-14,Mumbai,ICICI003,Rejected,786,Rejected,Inactive
A11566,Ravi,51,Other,Current,67041,5178,credit,2021-03-10,Pune,ICICI003,Rejected,771,Rejected,Inactive
A10153,Amit,65,Other,Credit,21440,5168,credit,2024-03-18,Pune,HDFC001,Rejected,316,Rejected,Inactive
A13425,John,27,Other,Credit,169289,-35907,debit,2025-02-05,Mumbai,Unknown,Pending,564,Verified,Active
A12405,Neha,29,Other,Loan,90440,15885,credit,2025-10-18,Bangalore,AXIS004,Rejected,673,Pending,Closed
A12745,Amit,36,Other,Unknown,189500,9568,credit,2025-05-01,Bangalore,HDFC001,Pending,536,Pending,Dormant
A10407,Priya,53,Other,Credit,163173,40874,credit,2022-09-05,Bangalore,HDFC001,Rejected,863,Pending,Inactive
A13483,Amit,24,Other,Credit,86177,-28260,debit,2021-04-28,Bangalore,Unknown,Pending,580,Pending,Closed
A11053,Neha,28,Other,Unknown,33301,18286,credit,2022-05-26,Unknown,SBI002,Rejected,852,Rejected,Inactive
A12977,Amit,32,Other,Unknown,9512,-30671,debit,2024-12-08,Unknown,ICICI003,Rejected,833,Pending,Inactive
A11395,Priya,20,Other,Unknown,73491,-28331,debit,2023-03-23,Unknown,ICICI003,Approved,775,Verified,Active
A12679,Ravi,26,Other,Unknown,187066,20907,credit,2021-06-29,Chennai,HDFC001,Rejected,663,Rejected,Active
A12995,Sara,51,Female,Unknown,72156,18816,credit,2024-11-30,Unknown,SBI002,Approved,789,Verified,Active
A10854,Sara,66,Female,Unknown,196307,-30207,debit,2023-04-23,Unknown,SBI002,Pending,814,Verified,Active
A12550,Sara,32,Male,Current,179245,15599,credit,2021-04-17,Chennai,HDFC001,Rejected,335,Rejected,Inactive
A10007,John,43,Female,Loan,160628,10503,credit,2022-10-05,Unknown,Unknown,Approved,708,Verified,Active
A12665,Amit,19,Female,Credit,27219,40654,credit,2021-11-22,Bangalore,Unknown,Pending,567,Pending,Closed
A13057,Neha,64,Other,Credit,199277,-7589,debit,2025-02-26,Delhi,SBI002,Rejected,612,Pending,Dormant
A12185,John,49,Female,Credit,132339,-8083,debit,2025-10-03,Pune,HDFC001,Approved,339,Verified,Dormant
A12742,Amit,31,Male,Savings,5979,18131,credit,2024-03-20,Chennai,AXIS004,Pending,635,Pending,Closed
A10851,Ravi,26,Male,Credit,159522,29342,credit,2024-06-04,Chennai,Unknown,Rejected,526,Rejected,Inactive
A11400,John,18,Other,Unknown,130500,-46297,debit,2021-08-17,Unknown,Unknown,Rejected,653,Pending,Dormant
A10932,Amit,30,Female,Unknown,62847,28470,credit,2022-07-12,Unknown,Unknown,Approved,594,Verified,Active
A13220,Ravi,58,Female,Credit,68306,-14950,debit,2024-06-02,Bangalore,HDFC001,Rejected,796,Rejected,Inactive
A13056,Amit,29,Male,Credit,61192,-24609,debit,2023-12-04,Bangalore,Unknown,Approved,760,Verified,Active
A13331,John,18,Other,Savings,9008,21545,credit,2024-02-21,Pune,ICICI003,Rejected,456,Rejected,Inactive
A10126,Neha,46,Male,Current,28888,-52,debit,2025-09-28,Bangalore,ICICI003,Rejected,665,Pending,Active
A11834,Amit,49,Female,Loan,66482,32176,credit,2021-01-31,Delhi,HDFC001,Rejected,411,Rejected,Inactive
A10577,Neha,46,Female,Loan,89223,16548,credit,2023-12-03,Chennai,Unknown,Approved,630,Verified,Active
A11556,Ravi,74,Other,Savings,52529,48480,credit,2025-07-13,Mumbai,Unknown,Rejected,782,Rejected,Inactive
A10804,Neha,45,Other,Loan,137763,35318,credit,2022-02-22,Bangalore,ICICI003,Rejected,527,Verified,Closed
A11348,Ravi,37,Other,Current,119285,-269,debit,2021-10-31,Unknown,AXIS004,Rejected,515,Pending,Inactive
A13024,John,69,Other,Savings,102864,-10746,debit,2023-01-10,Bangalore,AXIS004,Pending,414,Pending,Dormant
A10112,Priya,40,Male,Credit,129630,2537,credit,2021-02-19,Mumbai,HDFC001,Rejected,325,Rejected,Dormant
A11967,John,56,Female,Loan,94596,-19312,debit,2021-10-17,Delhi,Unknown,Rejected,322,Rejected,Inactive
A10650,Sara,61,Other,Loan,71137,19165,credit,2021-12-23,Chennai,AXIS004,Rejected,714,Pending,Dormant
A10237,Priya,25,Other,Current,103769,-16425,debit,2025-04-26,Pune,AXIS004,Rejected,390,Rejected,Inactive
A11384,Neha,22,Other,Unknown,9984,23854,credit,2023-10-23,Unknown,Unknown,Rejected,490,Pending,Dormant
A10990,Sara,39,Other,Current,42772,47127,credit,2024-11-06,Unknown,Unknown,Rejected,654,Rejected,Inactive
A11883,Ravi,35,Female,Current,158979,-19207,debit,2023-12-08,Unknown,HDFC001,Rejected,707,Pending,Inactive
A11579,Amit,26,Other,Credit,80664,13370,credit,2025-04-06,Unknown,HDFC001,Rejected,414,Rejected,Dormant
A10063,Amit,25,Other,Credit,71365,-26095,debit,2023-06-22,Bangalore,Unknown,Rejected,412,Pending,Inactive
A12502,Amit,44,Other,Current,139722,38854,credit,2022-12-17,Pune,AXIS004,Rejected,719,Pending,Dormant
A11289,John,42,Female,Loan,43717,4384,credit,2023-02-03,Unknown,Unknown,Rejected,713,Pending,Dormant
A10603,Amit,36,Other,Current,21118,36996,credit,2022-02-24,Mumbai,ICICI003,Rejected,634,Pending,Active
A12671,Neha,27,Other,Credit,46922,43299,credit,2021-10-20,Unknown,Unknown,Rejected,383,Rejected,Inactive
A11443,Amit,38,Other,Credit,171107,14294,credit,2024-11-10,Chennai,HDFC001,Rejected,590,Rejected,Inactive
A12387,Amit,25,Female,Unknown,190276,696,credit,2023-12-30,Delhi,HDFC001,Rejected,345,Rejected,Inactive
A11868,Priya,45,Other,Credit,189383,16515,credit,2023-01-30,Bangalore,ICICI003,Approved,610,Verified,Active
A11298,Neha,29,Male,Current,28658,22245,credit,2021-07-10,Bangalore,ICICI003,Pending,397,Pending,Dormant
A13441,John,25,Female,Credit,196365,-5118,debit,2021-03-25,Bangalore,Unknown,Rejected,767,Rejected,Active
A12274,John,52,Other,Unknown,29729,-20555,debit,2025-11-01,Bangalore,Unknown,Rejected,409,Rejected,Inactive
A11249,Ravi,18,Other,Current,150156,-42130,debit,2023-05-21,Chennai,Unknown,Rejected,715,Rejected,Closed
A11963,Sara,50,Female,Loan,64338,12697,credit,2025-03-12,Pune,Unknown,Rejected,794,Rejected,Inactive
A11667,Ravi,67,Female,Savings,87229,17711,credit,2023-02-10,Bangalore,SBI002,Rejected,718,Pending,Closed
A12956,Sara,22,Other,Credit,129108,44811,credit,2024-03-23,Unknown,Unknown,Approved,675,Verified,Dormant
A13300,Amit,30,Other,Credit,101528,16013,credit,2025-09-26,Bangalore,Unknown,Rejected,412,Pending,Inactive
A12417,Unknown,42,Female,Current,37391,-2053,debit,2023-08-20,Bangalore,ICICI003,Rejected,845,Pending,Inactive
A13200,John,64,Female,Unknown,125074,-7496,debit,2025-03-30,Pune,HDFC001,Approved,815,Verified,Active
A10807,Amit,41,Female,Unknown,151812,-6573,debit,2022-08-12,Unknown,ICICI003,Rejected,809,Pending,Inactive
A11048,Unknown,25,Other,Savings,140804,-12536,debit,2021-11-08,Unknown,ICICI003,Pending,412,Pending,Active
A10698,Neha,27,Other,Current,124795,-38109,debit,2022-09-26,Bangalore,ICICI003,Rejected,489,Pending,Inactive
A10292,Priya,57,Female,Current,2374,49517,credit,2024-03-09,Delhi,SBI002,Approved,763,Verified,Active
A12403,Sara,63,Other,Unknown,85574,780,credit,2024-03-17,Unknown,ICICI003,Approved,625,Verified,Active
A10837,Priya,45,Other,Credit,199832,20849,credit,2022-12-25,Bangalore,HDFC001,Rejected,689,Rejected,Inactive
A12182,Amit,47,Male,Credit,114329,-6401,debit,2025-11-28,Unknown,HDFC001,Pending,553,Pending,Dormant
A10003,John,19,Male,Unknown,83717,40690,credit,2024-07-02,Delhi,Unknown,Approved,781,Verified,Active
A11250,John,39,Female,Current,18164,33284,credit,2024-04-10,Unknown,Unknown,Rejected,714,Pending,Dormant
A12937,Amit,30,Other,Unknown,70340,-11703,debit,2025-08-08,Bangalore,Unknown,Approved,800,Verified,Active
A10680,Unknown,20,Female,Loan,93591,-19998,debit,2021-06-11,Unknown,HDFC001,Rejected,777,Rejected,Inactive
A12492,John,20,Other,Unknown,151623,-7677,debit,2025-11-05,Chennai,AXIS004,Rejected,312,Pending,Inactive
A11441,Neha,74,Other,Loan,89911,31859,credit,2022-04-13,Bangalore,HDFC001,Rejected,575,Verified,Active
A13356,Amit,57,Male,Current,72916,-17816,debit,2021-10-09,Chennai,Unknown,Approved,827,Verified,Active
A12884,Ravi,40,Other,Savings,149329,-29175,debit,2022-03-28,Pune,ICICI003,Rejected,313,Rejected,Dormant
A10026,Ravi,53,Female,Current,139682,10763,credit,2023-06-22,Unknown,AXIS004,Pending,654,Pending,Active
A10736,Unknown,71,Male,Current,54394,17250,credit,2024-12-30,Mumbai,AXIS004,Rejected,640,Pending,Closed
A12296,Priya,18,Other,Unknown,198994,-18841,debit,2025-05-29,Unknown,SBI002,Rejected,583,Pending,Dormant
A10365,Sara,44,Male,Current,162385,-6446,debit,2025-07-23,Delhi,Unknown,Rejected,767,Pending,Inactive
A11971,John,22,Other,Unknown,4063,9497,credit,2023-09-03,Unknown,AXIS004,Pending,650,Pending,Active
A13273,Ravi,71,Other,Current,130928,7379,credit,2021-04-14,Delhi,ICICI003,Rejected,537,Rejected,Dormant
A11461,Unknown,61,Male,Credit,17382,14680,credit,2024-05-07,Pune,ICICI003,Rejected,383,Rejected,Inactive
A10197,Sara,45,Male,Credit,91936,48223,credit,2022-06-27,Bangalore,AXIS004,Rejected,522,Pending,Inactive
A10929,Neha,27,Female,Unknown,45156,1392,credit,2023-02-27,Mumbai,SBI002,Rejected,525,Rejected,Inactive
A11671,Amit,24,Other,Credit,51243,-1174,debit,2024-07-22,Delhi,SBI002,Approved,799,Verified,Active
A12685,John,47,Other,Savings,189149,10006,credit,2025-02-19,Unknown,Unknown,Rejected,833,Rejected,Dormant
A10606,Amit,23,Other,Unknown,100143,-9568,debit,2021-11-18,Bangalore,AXIS004,Rejected,765,Pending,Inactive
A12120,Amit,19,Female,Current,164558,22691,credit,2025-10-16,Unknown,Unknown,Rejected,623,Pending,Closed
A10246,Sara,40,Other,Current,129863,46855,credit,2024-03-28,Pune,ICICI003,Rejected,698,Rejected,Dormant
A12900,John,44,Female,Savings,144703,-8017,debit,2025-06-29,Chennai,SBI002,Rejected,416,Rejected,Inactive
A11159,Amit,20,Other,Current,179188,-895,debit,2022-11-06,Delhi,Unknown,Rejected,355,Rejected,Inactive
A11731,John,23,Female,Unknown,19294,23838,credit,2023-02-25,Unknown,Unknown,Rejected,401,Rejected,Inactive
A12261,Sara,34,Other,Credit,114460,32409,credit,2021-04-15,Pune,AXIS004,Rejected,357,Rejected,Inactive
A13395,Priya,44,Other,Savings,27343,649,credit,2025-07-23,Pune,ICICI003,Approved,619,Verified,Active
A12150,Unknown,62,Other,Credit,47608,-25063,debit,2023-09-09,Mumbai,HDFC001,Pending,315,Pending,Active
A12375,Amit,21,Female,Unknown,138895,12325,credit,2022-02-18,Delhi,Unknown,Pending,818,Pending,Dormant
A10595,Amit,32,Female,Unknown,-2245,-17382,debit,2021-06-28,Bangalore,AXIS004,Rejected,769,Rejected,Active
A11247,John,37,Female,Credit,68095,-9143,debit,2022-05-28,Delhi,Unknown,Approved,503,Verified,Active
A12304,Unknown,26,Other,Savings,174860,-1546,debit,2021-06-07,Bangalore,AXIS004,Rejected,410,Rejected,Inactive
A13419,Amit,18,Other,Unknown,67440,-1716,debit,2023-05-18,Bangalore,Unknown,Pending,643,Pending,Active
A11131,Priya,47,Female,Credit,17130,-13572,debit,2024-02-27,Bangalore,Unknown,Rejected,419,Rejected,Inactive
A12974,Amit,73,Other,Unknown,124942,-12043,debit,2022-09-30,Unknown,AXIS004,Approved,388,Verified,Dormant
A11993,Amit,29,Other,Credit,33002,14704,credit,2021-04-13,Chennai,Unknown,Rejected,627,Pending,Inactive
A12003,Ravi,64,Other,Unknown,83926,-10805,debit,2022-04-08,Unknown,ICICI003,Approved,465,Verified,Dormant
A13221,Unknown,39,Female,Unknown,141971,-36133,debit,2021-09-06,Chennai,SBI002,Rejected,526,Pending,Inactive
A12021,Amit,20,Other,Credit,74275,32558,credit,2022-04-29,Bangalore,Unknown,Approved,559,Verified,Dormant
A11416,John,45,Male,Savings,18675,47158,credit,2021-03-28,Unknown,SBI002,Rejected,766,Rejected,Dormant
A11707,Amit,44,Other,Credit,86201,-19016,debit,2023-02-28,Chennai,SBI002,Rejected,865,Pending,Inactive
A11582,Unknown,71,Other,Credit,21651,-15787,debit,2024-12-27,Bangalore,SBI002,Pending,369,Verified,Active
A10000,John,30,Other,Credit,148823,48863,credit,2023-03-09,Chennai,Unknown,Rejected,731,Pending,Dormant
A13432,Ravi,61,Male,Current,78782,-16859,debit,2024-11-23,Unknown,SBI002,Rejected,522,Rejected,Inactive
A10691,John,22,Female,Credit,36461,38703,credit,2023-03-30,Chennai,AXIS004,Approved,541,Verified,Active
A11574,John,45,Other,Unknown,142508,-6315,debit,2021-08-20,Delhi,ICICI003,Pending,687,Pending,Inactive
A11113,Ravi,30,Other,Unknown,77790,-43831,debit,2022-12-26,Unknown,Unknown,Pending,436,Pending,Active
A13146,Sara,36,Female,Credit,195793,-2318,debit,2021-10-07,Delhi,AXIS004,Pending,388,Verified,Active
A12547,Priya,36,Female,Current,51418,6571,credit,2022-02-24,Chennai,HDFC001,Rejected,861,Rejected,Inactive
A12786,Unknown,19,Other,Current,84487,-9066,debit,2024-05-13,Chennai,Unknown,Rejected,330,Pending,Inactive
A12683,Amit,22,Female,Credit,112248,-233,debit,2021-06-21,Bangalore,Unknown,Rejected,759,Pending,Inactive
A10343,Sara,57,Other,Credit,96842,24945,credit,2022-09-10,Delhi,SBI002,Rejected,490,Rejected,Inactive
A13168,Priya,30,Other,Current,35992,5776,credit,2022-11-25,Bangalore,Unknown,Approved,686,Verified,Active
A12899,Unknown,45,Other,Current,67884,27445,credit,2024-03-27,Delhi,Unknown,Rejected,732,Rejected,Inactive
A10282,Priya,25,Other,Unknown,137547,-13045,debit,2021-09-16,Delhi,AXIS004,Rejected,640,Pending,Closed
A12766,John,24,Female,Current,138478,3474,credit,2022-11-21,Bangalore,HDFC001,Rejected,475,Rejected,Inactive
A12080,Amit,27,Other,Credit,84391,37712,credit,2021-11-23,Unknown,Unknown,Rejected,567,Rejected,Inactive
A13187,Amit,47,Female,Credit,78581,-16748,debit,2021-02-26,Mumbai,AXIS004,Pending,524,Pending,Inactive
A12502,Amit,44,Other,Current,169868,-40003,debit,2023-12-10,Pune,AXIS004,Rejected,543,Pending,Inactive
A11889,John,42,Other,Loan,143443,14131,credit,2022-05-02,Bangalore,ICICI003,Pending,535,Verified,Active
A10428,Amit,37,Female,Loan,176932,-5332,debit,2025-01-09,Unknown,Unknown,Pending,465,Pending,Dormant
A10827,Unknown,30,Male,Loan,81759,-10978,debit,2024-08-18,Pune,AXIS004,Rejected,594,Rejected,Inactive
A11849,Amit,23,Other,Current,66268,33803,credit,2023-03-31,Bangalore,Unknown,Pending,747,Pending,Inactive
A12738,John,41,Female,Unknown,52247,47137,credit,2021-04-27,Unknown,HDFC001,Rejected,391,Pending,Inactive
A12221,Ravi,31,Male,Unknown,164607,-46717,debit,2021-01-31,Unknown,HDFC001,Rejected,768,Rejected,Inactive
A11769,Neha,26,Other,Unknown,91857,23746,credit,2024-08-24,Bangalore,AXIS004,Rejected,358,Rejected,Active
A13204,Neha,33,Other,Unknown,1850,-7873,debit,2024-11-02,Delhi,HDFC001,Approved,390,Verified,Active
A10093,Neha,33,Other,Current,81264,39824,credit,2021-06-16,Mumbai,Unknown,Approved,706,Verified,Active
A13419,Amit,18,Other,Unknown,199187,-11667,debit,2021-09-18,Bangalore,Unknown,Approved,482,Verified,Active
A11425,Priya,67,Other,Savings,162752,-31266,debit,2023-03-13,Delhi,AXIS004,Rejected,751,Pending,Inactive
A12467,Priya,69,Female,Loan,192917,-5091,debit,2022-09-29,Chennai,AXIS004,Pending,834,Pending,Closed
A10404,Neha,22,Other,Credit,10242,10671,credit,2022-01-19,Delhi,SBI002,Rejected,504,Rejected,Inactive
A10941,Priya,18,Other,Unknown,11257,4750,credit,2022-09-16,Delhi,Unknown,Rejected,507,Rejected,Dormant
A11209,Priya,38,Male,Loan,140227,-24032,debit,2021-01-29,Unknown,AXIS004,Rejected,792,Rejected,Inactive
A10975,Ravi,48,Other,Current,131768,-31648,debit,2023-12-02,Chennai,HDFC001,Rejected,759,Pending,Inactive
A10375,Amit,35,Other,Credit,188831,-8790,debit,2025-05-11,Bangalore,AXIS004,Rejected,665,Pending,Active
A12750,John,73,Other,Loan,117703,-41021,debit,2023-10-06,Chennai,SBI002,Approved,803,Verified,Active
A10497,Neha,49,Female,Loan,32390,-180,debit,2025-01-15,Chennai,HDFC001,Pending,577,Pending,Active
A13277,Priya,32,Female,Credit,76896,45980,credit,2025-08-09,Chennai,Unknown,Rejected,323,Pending,Inactive
A11438,Amit,28,Other,Current,75222,-10273,debit,2025-09-06,Chennai,AXIS004,Rejected,822,Rejected,Active
A11389,Priya,21,Female,Current,154753,-28907,debit,2025-12-03,Chennai,Unknown,Rejected,474,Rejected,Inactive
A11879,John,53,Other,Savings,54562,36835,credit,2022-04-04,Unknown,ICICI003,Rejected,673,Rejected,Inactive
A10738,Unknown,37,Other,Savings,116975,16320,credit,2023-10-22,Pune,AXIS004,Rejected,823,Pending,Inactive
A10419,Neha,52,Other,Savings,92469,-35556,debit,2022-06-30,Chennai,Unknown,Approved,339,Verified,Dormant
A12633,Neha,34,Female,Unknown,82947,-3196,debit,2021-12-05,Unknown,HDFC001,Rejected,852,Verified,Closed
A13290,Sara,62,Female,Current,107532,16479,credit,2023-04-15,Chennai,Unknown,Rejected,491,Rejected,Inactive
A11975,Ravi,21,Other,Current,52254,48955,credit,2024-02-08,Delhi,AXIS004,Approved,692,Verified,Dormant
A11562,Sara,26,Male,Savings,111255,-47384,debit,2021-01-04,Chennai,Unknown,Rejected,483,Pending,Inactive
A11398,Neha,19,Female,Current,35335,-5034,debit,2022-05-27,Delhi,Unknown,Approved,344,Verified,Active
A11046,Sara,33,Female,Loan,110712,43863,credit,2024-03-17,Unknown,AXIS004,Rejected,784,Rejected,Inactive
A10460,Priya,59,Other,Current,192864,32698,credit,2024-01-21,Unknown,AXIS004,Approved,651,Verified,Active
A12767,Priya,26,Male,Unknown,32794,-41461,debit,2024-10-18,Delhi,Unknown,Rejected,829,Pending,Inactive
A13426,Neha,74,Female,Credit,103336,5384,credit,2022-06-15,Pune,AXIS004,Rejected,664,Pending,Inactive
A13123,John,48,Female,Credit,131343,9405,credit,2022-11-12,Chennai,AXIS004,Rejected,558,Rejected,Closed
A13046,Amit,40,Male,Savings,21567,-3410,debit,2021-08-08,Chennai,SBI002,Rejected,435,Rejected,Inactive
A11838,Priya,28,Female,Credit,65078,26263,credit,2023-08-13,Mumbai,AXIS004,Rejected,385,Rejected,Inactive
A11468,John,62,Male,Savings,45922,41455,credit,2025-11-21,Unknown,SBI002,Rejected,301,Pending,Inactive
A12863,Priya,30,Female,Unknown,124061,45618,credit,2024-11-13,Mumbai,SBI002,Pending,571,Pending,Active
A12042,Unknown,21,Male,Current,57296,11959,credit,2024-07-16,Delhi,SBI002,Rejected,754,Pending,Inactive
A12152,Ravi,40,Other,Credit,34068,18833,credit,2025-08-09,Mumbai,ICICI003,Rejected,694,Pending,Closed
A10640,John,30,Male,Loan,73032,-31481,debit,2023-11-12,Bangalore,HDFC001,Approved,356,Verified,Active
A13466,Amit,28,Female,Credit,146218,-46951,debit,2024-12-30,Bangalore,ICICI003,Rejected,370,Rejected,Inactive
A11933,Neha,71,Other,Unknown,147575,49366,credit,2025-02-11,Unknown,SBI002,Rejected,310,Rejected,Inactive
A10327,Sara,33,Other,Loan,116674,-47722,debit,2024-02-17,Bangalore,Unknown,Rejected,798,Rejected,Inactive
A10606,Amit,23,Other,Unknown,183782,2438,credit,2022-09-07,Bangalore,AXIS004,Rejected,422,Rejected,Inactive
A11542,Ravi,59,Other,Savings,146509,-44564,debit,2021-01-11,Delhi,AXIS004,Rejected,730,Rejected,Inactive
A13317,Priya,18,Other,Savings,199892,38128,credit,2024-01-29,Chennai,Unknown,Rejected,718,Pending,Inactive
A11438,Amit,28,Other,Current,106604,-7134,debit,2022-07-24,Chennai,AXIS004,Rejected,841,Verified,Closed
A11551,Unknown,56,Female,Loan,143774,-27470,debit,2024-12-20,Chennai,HDFC001,Approved,759,Verified,Active
A12217,Priya,70,Female,Savings,31102,15039,credit,2024-04-27,Bangalore,HDFC001,Rejected,773,Pending,Inactive
A12214,John,45,Male,Credit,184640,8382,credit,2023-07-06,Delhi,HDFC001,Rejected,392,Rejected,Inactive
A11333,Neha,58,Other,Unknown,-1549,-42364,debit,2022-08-21,Unknown,ICICI003,Pending,540,Pending,Inactive
A12987,Amit,54,Female,Unknown,78175,17075,credit,2023-04-21,Unknown,AXIS004,Pending,424,Pending,Inactive
A10594,Amit,33,Female,Unknown,17301,14490,credit,2023-08-05,Unknown,Unknown,Rejected,851,Pending,Inactive
A13463,Ravi,39,Other,Current,67060,-25485,debit,2024-06-27,Pune,SBI002,Rejected,791,Rejected,Inactive
A13292,Neha,24,Female,Savings,108292,-40295,debit,2022-02-06,Delhi,HDFC001,Rejected,653,Pending,Active
A12881,Sara,30,Female,Current,165575,36794,credit,2024-07-09,Unknown,SBI002,Rejected,795,Rejected,Inactive
A11705,Unknown,25,Other,Current,56321,-30694,debit,2022-06-11,Pune,SBI002,Rejected,699,Rejected,Inactive
A12882,Ravi,21,Other,Savings,181353,8597,credit,2024-04-03,Chennai,SBI002,Approved,826,Verified,Active
A13186,Ravi,31,Other,Unknown,134417,-29175,debit,2021-07-29,Chennai,Unknown,Rejected,742,Pending,Inactive
A12908,Amit,28,Other,Unknown,169450,-41051,debit,2022-05-01,Chennai,Unknown,Rejected,546,Pending,Inactive
A10334,Sara,45,Other,Current,71702,-10322,debit,2025-04-09,Unknown,AXIS004,Pending,739,Pending,Dormant
A10741,John,45,Other,Loan,28201,-47914,debit,2025-01-03,Delhi,Unknown,Rejected,577,Verified,Active
A11243,Amit,34,Other,Unknown,111252,-11469,debit,2022-10-25,Chennai,Unknown,Approved,873,Verified,Active
A13318,Priya,67,Male,Savings,53316,17343,credit,2021-12-16,Chennai,SBI002,Rejected,432,Rejected,Inactive
A10100,Amit,42,Other,Unknown,149612,-4963,debit,2024-07-21,Bangalore,AXIS004,Rejected,579,Pending,Inactive
A12269,Amit,64,Other,Unknown,116081,-16345,debit,2025-12-05,Mumbai,HDFC001,Rejected,508,Verified,Active
A11202,Sara,27,Female,Current,24537,26280,credit,2022-10-04,Bangalore,SBI002,Rejected,460,Rejected,Inactive
A10174,Sara,62,Other,Current,83524,-31500,debit,2025-05-03,Pune,Unknown,Pending,704,Pending,Inactive
A10605,Unknown,62,Female,Unknown,142255,18096,credit,2022-08-22,Bangalore,ICICI003,Rejected,336,Rejected,Inactive
A10780,Unknown,54,Female,Loan,160904,37604,credit,2022-10-12,Mumbai,HDFC001,Rejected,356,Rejected,Inactive
A11769,Neha,26,Other,Unknown,24394,-44395,debit,2023-02-16,Bangalore,AXIS004,Rejected,532,Rejected,Active
A10848,Amit,19,Other,Unknown,84885,15245,credit,2021-12-06,Unknown,HDFC001,Rejected,732,Pending,Dormant
A11090,Priya,53,Female,Current,85263,11734,credit,2024-09-05,Pune,HDFC001,Rejected,714,Rejected,Inactive
A11480,Unknown,19,Female,Savings,175148,-37808,debit,2023-01-19,Bangalore,ICICI003,Rejected,640,Pending,Inactive
A11011,Priya,56,Male,Loan,64268,47113,credit,2023-03-31,Chennai,AXIS004,Rejected,476,Rejected,Inactive
A12173,Ravi,38,Female,Unknown,185719,4912,credit,2025-02-02,Bangalore,Unknown,Rejected,796,Rejected,Inactive
A11162,Amit,29,Female,Current,81871,11190,credit,2024-07-30,Chennai,AXIS004,Rejected,607,Pending,Closed
A10624,John,43,Other,Loan,164217,10430,credit,2024-11-08,Mumbai,AXIS004,Rejected,349,Rejected,Inactive
A12778,Sara,62,Other,Credit,164715,-10463,debit,2025-08-03,Bangalore,Unknown,Pending,520,Pending,Dormant
A11179,Amit,24,Other,Credit,8815,11482,credit,2025-02-22,Unknown,Unknown,Rejected,765,Pending,Inactive
A10696,Neha,23,Female,Current,132373,-19548,debit,2023-11-05,Mumbai,ICICI003,Rejected,370,Pending,Dormant
A13192,Amit,18,Female,Savings,123930,5717,credit,2023-11-20,Bangalore,AXIS004,Approved,841,Verified,Active
A10321,Neha,57,Other,Unknown,189669,191,credit,2025-05-06,Unknown,ICICI003,Rejected,306,Pending,Inactive
A12496,Amit,24,Other,Credit,195681,6817,credit,2025-07-16,Unknown,Unknown,Rejected,417,Rejected,Inactive
A12757,Priya,24,Female,Current,80874,7882,credit,2021-09-04,Bangalore,AXIS004,Rejected,857,Pending,Inactive
A13362,Neha,57,Other,Savings,165438,-9695,debit,2023-12-05,Mumbai,AXIS004,Pending,803,Verified,Active
A12051,Amit,68,Other,Credit,43331,30361,credit,2024-02-21,Unknown,HDFC001,Rejected,685,Rejected,Inactive
A12748,Ravi,35,Other,Savings,113368,-16557,debit,2021-03-24,Bangalore,SBI002,Rejected,533,Rejected,Dormant
A13310,John,20,Other,Unknown,10747,-47607,debit,2025-02-11,Unknown,Unknown,Rejected,798,Pending,Inactive
A13243,Neha,35,Female,Unknown,50922,-12470,debit,2024-06-09,Chennai,Unknown,Rejected,445,Rejected,Inactive
A11747,Sara,55,Female,Current,155849,8958,credit,2025-02-14,Chennai,ICICI003,Rejected,841,Pending,Inactive
A12904,Amit,37,Female,Loan,129856,11723,credit,2021-01-21,Unknown,Unknown,Approved,419,Verified,Dormant
A10902,Amit,45,Other,Unknown,139602,40968,credit,2021-02-04,Unknown,AXIS004,Rejected,627,Rejected,Dormant
A10627,John,53,Male,Credit,164018,-43855,debit,2023-03-14,Pune,ICICI003,Rejected,512,Pending,Inactive
A10902,Amit,45,Other,Unknown,194882,24112,credit,2022-01-10,Unknown,AXIS004,Pending,517,Pending,Closed
A10834,Ravi,27,Other,Credit,155592,11764,credit,2024-03-28,Mumbai,Unknown,Rejected,504,Verified,Closed
A10604,Priya,30,Other,Loan,156370,-10281,debit,2022-07-14,Mumbai,Unknown,Rejected,497,Verified,Active
A10869,Priya,35,Other,Loan,-1913,-733,debit,2022-03-22,Delhi,Unknown,Approved,809,Verified,Active
A13451,Unknown,54,Other,Current,120570,-17157,debit,2021-04-26,Mumbai,AXIS004,Rejected,778,Verified,Closed
A11133,John,26,Other,Credit,148530,-8338,debit,2025-11-22,Chennai,AXIS004,Pending,591,Pending,Inactive
A11353,Amit,21,Male,Credit,63886,-7823,debit,2025-02-02,Chennai,SBI002,Approved,839,Verified,Active
A10100,Amit,42,Other,Unknown,176580,1392,credit,2025-05-27,Bangalore,AXIS004,Rejected,549,Pending,Inactive
A10694,Ravi,72,Female,Unknown,86541,-32665,debit,2023-08-19,Mumbai,Unknown,Pending,521,Pending,Active
A10845,Ravi,30,Other,Savings,85245,-12901,debit,2021-08-14,Mumbai,AXIS004,Rejected,795,Rejected,Closed
A11941,John,71,Male,Current,21289,29062,credit,2023-12-05,Delhi,Unknown,Pending,580,Pending,Active
A11531,Priya,35,Female,Credit,81520,7740,credit,2024-07-12,Unknown,AXIS004,Rejected,758,Verified,Closed
A10671,John,34,Female,Current,160139,-6757,debit,2024-12-20,Chennai,AXIS004,Rejected,768,Pending,Inactive
A13107,Priya,70,Other,Unknown,29851,15445,credit,2025-04-07,Bangalore,SBI002,Rejected,562,Verified,Active
A10237,Priya,25,Other,Current,98607,23732,credit,2023-11-09,Pune,AXIS004,Rejected,417,Pending,Inactive
A13315,Unknown,64,Other,Unknown,147083,40170,credit,2023-02-05,Unknown,AXIS004,Rejected,517,Pending,Dormant
A12298,Ravi,23,Male,Unknown,107134,34334,credit,2023-01-18,Bangalore,HDFC001,Rejected,664,Pending,Inactive
A12440,Neha,35,Other,Unknown,173678,17990,credit,2025-06-22,Pune,ICICI003,Rejected,339,Pending,Inactive
A12814,John,36,Male,Unknown,141206,26267,credit,2023-07-09,Mumbai,ICICI003,Rejected,446,Pending,Inactive
A11305,Amit,27,Other,Credit,189161,18506,credit,2023-01-06,Mumbai,HDFC001,Pending,302,Pending,Inactive
A10021,John,35,Female,Unknown,-4509,32642,credit,2025-04-28,Unknown,Unknown,Rejected,447,Rejected,Inactive
A12477,Neha,51,Female,Unknown,199892,-2557,debit,2023-10-16,Delhi,Unknown,Rejected,547,Rejected,Inactive
A11253,Sara,20,Other,Unknown,151031,-11311,debit,2021-10-29,Bangalore,Unknown,Approved,549,Verified,Active
A12006,Priya,67,Male,Current,141311,30857,credit,2021-07-28,Bangalore,AXIS004,Rejected,316,Rejected,Inactive
A10400,Priya,27,Female,Loan,126337,-14736,debit,2025-05-16,Chennai,Unknown,Rejected,870,Pending,Inactive
A11177,Priya,44,Male,Loan,30645,32307,credit,2025-10-19,Bangalore,Unknown,Rejected,340,Rejected,Inactive
A11006,Amit,22,Female,Unknown,185046,20950,credit,2024-05-31,Chennai,ICICI003,Approved,347,Verified,Dormant
A13191,Amit,23,Female,Unknown,100338,34594,credit,2024-04-22,Mumbai,ICICI003,Rejected,397,Pending,Inactive
A11701,Priya,43,Other,Loan,184050,22065,credit,2023-08-31,Mumbai,Unknown,Rejected,879,Pending,Inactive
A11409,Neha,49,Other,Loan,113673,-12277,debit,2022-07-17,Delhi,Unknown,Rejected,441,Rejected,Inactive
A11413,Priya,55,Male,Unknown,90111,4660,credit,2022-08-04,Unknown,AXIS004,Rejected,532,Rejected,Dormant
A11734,Amit,25,Other,Unknown,132523,-7720,debit,2022-09-21,Bangalore,AXIS004,Pending,592,Pending,Active
A12444,Sara,51,Other,Loan,93993,-26066,debit,2022-02-14,Unknown,ICICI003,Rejected,650,Pending,Active
A13418,Priya,35,Female,Savings,68792,-13461,debit,2025-04-09,Bangalore,HDFC001,Rejected,727,Pending,Inactive
A10586,Neha,40,Other,Credit,68558,-6225,debit,2022-06-10,Bangalore,Unknown,Rejected,893,Rejected,Active
A13067,John,57,Male,Loan,170901,-44702,debit,2024-07-08,Bangalore,AXIS004,Pending,469,Verified,Active
A10950,Amit,40,Female,Current,130651,-3657,debit,2023-09-15,Delhi,AXIS004,Rejected,328,Rejected,Active
A13150,Amit,35,Male,Loan,-2068,-1311,debit,2025-09-15,Bangalore,SBI002,Rejected,846,Pending,Inactive
A10830,Amit,32,Other,Unknown,133161,42995,credit,2022-03-08,Bangalore,Unknown,Rejected,806,Verified,Closed
A11608,Ravi,26,Other,Unknown,177941,9807,credit,2024-12-21,Chennai,HDFC001,Approved,762,Verified,Active
A12247,Sara,56,Male,Loan,76124,33887,credit,2022-03-11,Mumbai,ICICI003,Pending,463,Pending,Dormant
A13205,Amit,41,Other,Current,149286,-31663,debit,2023-06-04,Pune,Unknown,Approved,811,Verified,Active
A10699,Amit,40,Male,Loan,60840,8807,credit,2023-04-12,Mumbai,Unknown,Rejected,688,Rejected,Active
A11194,Unknown,52,Other,Credit,143398,2306,credit,2022-07-20,Unknown,HDFC001,Rejected,783,Pending,Inactive
A10451,Neha,55,Other,Current,167489,3663,credit,2024-12-03,Unknown,AXIS004,Rejected,456,Rejected,Inactive
A12186,Neha,18,Female,Loan,185686,32375,credit,2022-11-16,Chennai,HDFC001,Pending,537,Pending,Active
A10754,Sara,22,Female,Current,72968,-14278,debit,2021-06-17,Bangalore,AXIS004,Rejected,814,Rejected,Dormant
A11337,Unknown,20,Female,Current,144112,-16081,debit,2021-03-13,Chennai,SBI002,Pending,675,Verified,Closed
A11369,John,44,Female,Unknown,146433,12708,credit,2021-05-02,Unknown,Unknown,Pending,387,Pending,Inactive
A10387,Amit,50,Female,Current,10352,-15718,debit,2021-06-17,Unknown,HDFC001,Rejected,337,Pending,Inactive
A11149,Priya,43,Other,Savings,101844,12612,credit,2024-02-29,Bangalore,Unknown,Rejected,348,Rejected,Inactive
A12766,John,24,Female,Current,24150,14164,credit,2023-11-13,Bangalore,HDFC001,Pending,778,Verified,Active
A11221,Amit,26,Other,Credit,144012,-19441,debit,2023-07-05,Unknown,ICICI003,Rejected,561,Pending,Inactive
A11722,John,37,Female,Loan,194776,-15234,debit,2024-01-15,Delhi,SBI002,Rejected,814,Rejected,Inactive
A11924,Neha,43,Other,Credit,94855,-42539,debit,2024-01-14,Delhi,Unknown,Rejected,702,Pending,Closed
A13089,Sara,33,Female,Credit,124010,-10870,debit,2024-05-17,Bangalore,Unknown,Rejected,319,Rejected,Inactive
A10709,Amit,38,Other,Current,56350,49623,credit,2022-10-18,Chennai,HDFC001,Rejected,328,Rejected,Inactive
A10447,John,50,Other,Credit,90852,4675,credit,2021-07-14,Unknown,AXIS004,Rejected,565,Pending,Inactive
A10350,Amit,33,Female,Credit,123780,-28259,debit,2021-04-12,Pune,SBI002,Rejected,634,Rejected,Inactive
A10664,Priya,31,Male,Credit,51971,-17290,debit,2021-07-24,Chennai,AXIS004,Approved,437,Verified,Active
A10325,John,53,Male,Savings,82883,-40482,debit,2021-02-28,Bangalore,SBI002,Rejected,490,Pending,Inactive
A10424,Unknown,65,Female,Unknown,198933,-2053,debit,2022-10-26,Bangalore,AXIS004,Rejected,735,Rejected,Inactive
A10164,Ravi,18,Female,Current,197387,-44469,debit,2025-03-29,Chennai,AXIS004,Rejected,759,Pending,Inactive
A11201,Sara,58,Other,Credit,95698,4615,credit,2024-12-14,Unknown,SBI002,Pending,750,Pending,Closed
A12712,Unknown,54,Other,Current,58498,13585,credit,2022-05-09,Bangalore,ICICI003,Rejected,783,Pending,Inactive
A10673,Neha,67,Female,Savings,-1950,42304,credit,2023-12-23,Delhi,SBI002,Rejected,446,Rejected,Inactive
A11938,John,32,Female,Unknown,38250,11314,credit,2022-04-06,Bangalore,AXIS004,Rejected,435,Rejected,Inactive
A10462,Unknown,62,Other,Unknown,182105,-13480,debit,2024-12-14,Delhi,ICICI003,Rejected,365,Rejected,Inactive
A10753,Ravi,64,Other,Credit,54623,22566,credit,2022-07-09,Mumbai,ICICI003,Approved,586,Verified,Active
A13207,Neha,27,Other,Unknown,189240,-10185,debit,2023-04-08,Chennai,ICICI003,Rejected,378,Rejected,Inactive
A11973,John,18,Other,Current,106050,15224,credit,2023-01-28,Bangalore,HDFC001,Rejected,460,Rejected,Inactive
A10747,Neha,39,Other,Credit,105871,48187,credit,2022-04-21,Unknown,AXIS004,Pending,653,Verified,Active
A10046,Ravi,43,Female,Credit,66381,8304,credit,2025-08-27,Unknown,AXIS004,Rejected,317,Rejected,Inactive
A13060,Neha,27,Male,Loan,28898,-2905,debit,2023-04-06,Chennai,Unknown,Rejected,558,Rejected,Inactive
A12687,Priya,36,Other,Current,187378,39812,credit,2023-09-08,Delhi,AXIS004,Rejected,419,Rejected,Inactive
A12977,Amit,32,Other,Unknown,162296,10849,credit,2022-07-17,Unknown,ICICI003,Rejected,707,Pending,Closed
A10337,Neha,37,Male,Loan,9728,-23393,debit,2021-06-25,Delhi,AXIS004,Pending,662,Pending,Inactive
A11181,Ravi,33,Female,Unknown,47347,-16236,debit,2021-12-15,Bangalore,Unknown,Pending,562,Pending,Inactive
A11838,Priya,28,Female,Credit,174867,34542,credit,2021-12-31,Mumbai,AXIS004,Rejected,761,Rejected,Inactive
A12934,Priya,26,Female,Loan,140632,-20973,debit,2025-05-29,Mumbai,Unknown,Rejected,516,Rejected,Dormant
A10288,Sara,66,Other,Savings,121125,46678,credit,2024-04-11,Unknown,Unknown,Rejected,491,Rejected,Inactive
A10115,Priya,34,Male,Credit,29829,-4974,debit,2023-07-14,Bangalore,ICICI003,Rejected,390,Rejected,Inactive
A11623,Neha,31,Other,Unknown,-1713,4397,credit,2024-08-16,Mumbai,Unknown,Rejected,552,Rejected,Inactive
A12684,John,26,Other,Unknown,39697,-15610,debit,2021-11-11,Pune,AXIS004,Rejected,587,Rejected,Inactive
A10409,Ravi,61,Other,Loan,18685,-3878,debit,2025-02-10,Unknown,SBI002,Pending,577,Pending,Inactive
A13246,Priya,55,Female,Current,136448,16750,credit,2021-06-22,Chennai,HDFC001,Approved,820,Verified,Active
A12546,Amit,21,Male,Credit,164490,11443,credit,2021-03-28,Unknown,Unknown,Rejected,532,Rejected,Inactive
A10622,Sara,65,Female,Unknown,120641,22641,credit,2025-06-17,Pune,Unknown,Pending,369,Pending,Active
A11600,Sara,50,Other,Current,4254,-7627,debit,2025-09-05,Mumbai,AXIS004,Rejected,546,Verified,Closed
A13404,Amit,45,Other,Current,117354,13696,credit,2022-07-18,Unknown,Unknown,Approved,837,Verified,Active
A12633,Neha,34,Female,Unknown,111285,1224,credit,2023-07-14,Unknown,HDFC001,Rejected,359,Rejected,Dormant
A10146,Sara,27,Female,Unknown,-4685,-582,debit,2025-08-27,Chennai,Unknown,Rejected,885,Pending,Inactive
A12820,Amit,40,Other,Current,45594,13479,credit,2024-07-10,Bangalore,HDFC001,Rejected,827,Pending,Inactive
A11799,Amit,19,Other,Credit,99619,16571,credit,2021-04-17,Bangalore,AXIS004,Rejected,799,Rejected,Inactive
A12691,Sara,74,Other,Current,126092,4110,credit,2022-09-07,Bangalore,ICICI003,Approved,820,Verified,Active
A11072,Unknown,61,Other,Unknown,177307,12746,credit,2021-10-25,Bangalore,HDFC001,Rejected,893,Rejected,Inactive
A13148,Amit,41,Male,Savings,199842,-15283,debit,2023-07-24,Delhi,HDFC001,Pending,697,Verified,Dormant
A12341,Amit,21,Other,Unknown,81046,-7025,debit,2022-05-07,Chennai,HDFC001,Approved,825,Verified,Active
A10116,John,27,Other,Unknown,197453,-9474,debit,2021-02-14,Chennai,ICICI003,Rejected,559,Pending,Inactive
A11517,Priya,20,Female,Loan,145639,-14287,debit,2021-08-31,Delhi,AXIS004,Rejected,627,Rejected,Inactive
A11584,John,19,Other,Unknown,6515,49145,credit,2022-11-23,Delhi,Unknown,Rejected,639,Pending,Active
A12157,John,40,Male,Current,40349,7643,credit,2023-11-27,Delhi,ICICI003,Rejected,702,Verified,Dormant
A12002,Amit,50,Male,Savings,147115,28615,credit,2024-11-09,Bangalore,Unknown,Approved,844,Verified,Active
A12227,Unknown,25,Other,Loan,118159,11604,credit,2023-12-25,Chennai,Unknown,Rejected,800,Pending,Inactive
A12609,Priya,74,Male,Loan,146776,31835,credit,2021-04-22,Bangalore,HDFC001,Rejected,357,Verified,Active
A13143,John,39,Female,Current,145433,-11198,debit,2022-11-29,Unknown,Unknown,Rejected,559,Pending,Inactive
A11309,Neha,38,Male,Unknown,6702,6151,credit,2023-02-23,Unknown,HDFC001,Rejected,511,Rejected,Inactive
A10515,Ravi,37,Other,Credit,117937,41022,credit,2021-10-31,Delhi,Unknown,Approved,542,Verified,Active
A10074,Neha,43,Other,Savings,116811,-7309,debit,2023-12-19,Bangalore,Unknown,Approved,583,Verified,Active
A12538,John,36,Male,Credit,116807,17155,credit,2023-01-05,Unknown,AXIS004,Rejected,580,Rejected,Inactive
A13393,Priya,55,Other,Savings,63794,-17309,debit,2021-04-20,Pune,AXIS004,Rejected,608,Rejected,Inactive
A11911,Ravi,42,Other,Unknown,148717,12429,credit,2025-12-29,Bangalore,ICICI003,Rejected,340,Rejected,Inactive
A13280,Sara,37,Other,Unknown,55659,39657,credit,2022-02-08,Bangalore,SBI002,Rejected,383,Rejected,Inactive
A11066,John,73,Male,Loan,198097,39415,credit,2024-12-29,Mumbai,ICICI003,Rejected,319,Rejected,Inactive
A11522,Unknown,60,Male,Current,124732,26792,credit,2021-08-14,Unknown,HDFC001,Rejected,456,Verified,Active
A10028,Priya,21,Other,Unknown,103085,33871,credit,2021-07-31,Unknown,Unknown,Pending,440,Pending,Active
A11434,John,36,Other,Unknown,133711,5115,credit,2021-05-02,Unknown,Unknown,Pending,346,Pending,Active
A12903,John,24,Female,Unknown,68381,-37190,debit,2024-10-05,Unknown,AXIS004,Rejected,521,Pending,Inactive
A13252,Neha,40,Male,Credit,91814,23053,credit,2021-08-07,Delhi,AXIS004,Pending,368,Verified,Active
A12352,Amit,45,Other,Unknown,68561,8487,credit,2025-02-13,Chennai,Unknown,Approved,455,Verified,Dormant
A11986,Unknown,21,Other,Unknown,27818,15746,credit,2023-04-29,Unknown,ICICI003,Approved,418,Verified,Active
A11638,Ravi,45,Male,Credit,184605,30924,credit,2024-03-13,Bangalore,AXIS004,Approved,600,Verified,Active
A10777,Neha,24,Female,Current,73550,5926,credit,2021-12-23,Mumbai,AXIS004,Approved,388,Verified,Active
A13330,Priya,34,Other,Unknown,37710,39243,credit,2024-07-19,Unknown,ICICI003,Rejected,469,Rejected,Inactive
A13444,Sara,39,Other,Current,167213,-25002,debit,2025-03-23,Mumbai,HDFC001,Approved,564,Verified,Active
A12924,John,18,Other,Credit,24851,19737,credit,2023-03-10,Delhi,Unknown,Pending,674,Pending,Inactive
A11769,Neha,26,Other,Unknown,94971,3531,credit,2024-04-26,Bangalore,AXIS004,Approved,746,Verified,Active
A10857,Unknown,42,Male,Unknown,124479,22383,credit,2025-03-10,Bangalore,SBI002,Pending,693,Verified,Active
A11404,Neha,35,Female,Unknown,76034,15580,credit,2024-04-14,Unknown,AXIS004,Rejected,463,Pending,Inactive
A10885,John,22,Other,Unknown,46537,43166,credit,2021-01-21,Chennai,Unknown,Rejected,889,Pending,Inactive
A10612,John,27,Female,Current,3677,21702,credit,2024-05-30,Bangalore,Unknown,Approved,454,Verified,Active
A10090,Neha,55,Other,Unknown,155006,10281,credit,2021-12-27,Delhi,AXIS004,Pending,342,Verified,Active
A11092,Amit,24,Male,Unknown,-2401,-10894,debit,2022-06-18,Unknown,HDFC001,Rejected,411,Pending,Inactive
A10617,Unknown,55,Other,Savings,17069,38023,credit,2021-11-13,Bangalore,ICICI003,Rejected,611,Rejected,Inactive
A11546,Priya,19,Other,Unknown,27371,16677,credit,2025-08-23,Chennai,Unknown,Pending,890,Pending,Closed
A10012,Unknown,47,Other,Unknown,121846,-22014,debit,2021-11-20,Delhi,ICICI003,Rejected,707,Rejected,Inactive
A11640,Sara,39,Female,Current,147044,-12659,debit,2024-11-12,Unknown,Unknown,Rejected,593,Pending,Active
A12273,Amit,25,Male,Current,36552,21121,credit,2023-02-12,Unknown,Unknown,Pending,641,Pending,Closed
A12469,Amit,45,Other,Unknown,62279,2002,credit,2024-06-15,Bangalore,AXIS004,Approved,787,Verified,Active
A10167,Ravi,46,Other,Loan,162040,-10663,debit,2022-10-23,Mumbai,Unknown,Approved,440,Verified,Dormant
A10928,Amit,40,Female,Loan,175512,-16315,debit,2025-01-14,Delhi,HDFC001,Rejected,620,Verified,Active
A11402,Priya,22,Other,Loan,96888,-2654,debit,2022-01-31,Chennai,Unknown,Rejected,852,Rejected,Inactive
A13361,Ravi,21,Female,Unknown,198403,23894,credit,2022-06-09,Unknown,Unknown,Rejected,420,Pending,Inactive
A10922,Neha,42,Other,Unknown,123472,25564,credit,2025-12-06,Unknown,AXIS004,Rejected,393,Rejected,Inactive
A10099,Amit,39,Other,Current,165779,9685,credit,2023-09-10,Unknown,AXIS004,Pending,883,Verified,Active
A13289,Sara,44,Female,Loan,-469,8700,credit,2024-04-07,Bangalore,SBI002,Rejected,718,Pending,Dormant
A12354,Neha,27,Female,Savings,31881,41574,credit,2024-08-28,Bangalore,AXIS004,Rejected,491,Pending,Inactive
A12392,Ravi,35,Female,Credit,47446,-6007,debit,2022-10-15,Bangalore,AXIS004,Rejected,736,Rejected,Inactive
A13282,Unknown,70,Male,Loan,13259,46769,credit,2025-07-22,Chennai,Unknown,Approved,828,Verified,Active
A11812,Amit,71,Female,Savings,20563,33183,credit,2021-12-13,Bangalore,AXIS004,Rejected,414,Pending,Inactive
A10734,Amit,25,Female,Current,185837,-2382,debit,2021-04-27,Mumbai,Unknown,Pending,892,Verified,Active
A11608,Ravi,26,Other,Unknown,110532,-11640,debit,2023-09-05,Chennai,HDFC001,Rejected,589,Rejected,Active
A11298,Neha,29,Male,Current,18497,44604,credit,2023-07-25,Bangalore,ICICI003,Pending,598,Pending,Active
A11433,Neha,24,Male,Unknown,192769,27667,credit,2022-11-27,Chennai,ICICI003,Rejected,590,Pending,Closed
A10920,Amit,46,Male,Credit,172389,10094,credit,2024-02-25,Pune,Unknown,Approved,554,Verified,Active
A13306,Priya,43,Male,Credit,145652,-3715,debit,2025-12-01,Unknown,SBI002,Pending,556,Pending,Dormant
A11659,Amit,20,Female,Credit,97116,-19756,debit,2021-05-14,Chennai,HDFC001,Rejected,859,Rejected,Dormant
A10284,Ravi,54,Other,Current,65007,17461,credit,2023-03-03,Unknown,ICICI003,Rejected,338,Verified,Active
A11688,Ravi,45,Female,Loan,136691,-13339,debit,2021-11-01,Mumbai,AXIS004,Rejected,556,Verified,Active
A12220,Priya,43,Other,Unknown,128785,-13578,debit,2021-06-23,Unknown,Unknown,Rejected,437,Pending,Inactive
A12349,Amit,21,Female,Credit,141844,17508,credit,2023-09-27,Chennai,AXIS004,Rejected,423,Rejected,Inactive
A12870,Neha,53,Male,Current,17739,16010,credit,2022-11-23,Mumbai,HDFC001,Approved,797,Verified,Active
A10000,John,30,Other,Credit,155707,-15577,debit,2023-03-26,Chennai,Unknown,Approved,565,Verified,Dormant
A12186,Neha,18,Female,Loan,165591,12167,credit,2025-09-14,Chennai,HDFC001,Rejected,874,Rejected,Active
A10707,Ravi,41,Other,Credit,22222,30087,credit,2022-09-05,Bangalore,HDFC001,Approved,686,Verified,Dormant
A11926,Sara,23,Other,Loan,55384,39470,credit,2021-03-16,Pune,Unknown,Rejected,344,Verified,Dormant
A11755,Neha,73,Male,Credit,110552,-6769,debit,2022-01-08,Chennai,AXIS004,Rejected,506,Rejected,Inactive
A11891,Ravi,18,Other,Savings,137374,42109,credit,2025-09-29,Chennai,AXIS004,Rejected,720,Pending,Inactive
A12489,Neha,53,Female,Current,170,5654,credit,2024-05-24,Unknown,Unknown,Approved,728,Verified,Active
A12963,Neha,28,Female,Unknown,194273,-8973,debit,2023-01-29,Pune,Unknown,Rejected,384,Pending,Inactive
A11186,Amit,33,Other,Loan,93830,-24771,debit,2024-04-28,Bangalore,Unknown,Rejected,503,Rejected,Inactive
A12098,Priya,35,Other,Credit,79327,5148,credit,2025-08-05,Bangalore,HDFC001,Rejected,696,Rejected,Inactive
A12290,Sara,66,Other,Savings,99485,48351,credit,2025-09-05,Chennai,SBI002,Rejected,683,Verified,Active
A10870,Amit,33,Female,Unknown,3324,-5998,debit,2021-10-31,Unknown,AXIS004,Pending,758,Verified,Active
A12068,Priya,36,Other,Current,162529,-9458,debit,2021-01-04,Delhi,ICICI003,Pending,712,Verified,Closed
A12731,John,70,Female,Loan,19123,-12904,debit,2025-02-07,Pune,AXIS004,Pending,840,Verified,Dormant
A10630,John,65,Female,Savings,111756,-8094,debit,2022-11-06,Chennai,SBI002,Rejected,490,Rejected,Inactive
A12176,John,28,Female,Unknown,110863,30283,credit,2022-01-04,Delhi,Unknown,Pending,697,Pending,Inactive
A11508,John,37,Other,Credit,151980,-19572,debit,2024-10-27,Delhi,AXIS004,Rejected,307,Pending,Inactive
A12413,John,24,Other,Unknown,74382,48626,credit,2025-07-01,Unknown,Unknown,Rejected,781,Pending,Inactive
A10105,Ravi,31,Other,Loan,11902,1506,credit,2022-11-16,Bangalore,Unknown,Pending,552,Pending,Active
A10225,Ravi,45,Other,Current,168592,16848,credit,2023-02-10,Bangalore,Unknown,Rejected,752,Pending,Inactive
A11807,Priya,21,Female,Savings,55699,-12774,debit,2021-03-19,Pune,AXIS004,Approved,413,Verified,Active
A13190,Neha,19,Other,Savings,105583,11936,credit,2021-08-03,Chennai,HDFC001,Rejected,814,Pending,Inactive
A12593,Neha,19,Other,Unknown,18338,-34129,debit,2023-02-20,Unknown,ICICI003,Rejected,493,Rejected,Inactive
A12199,John,45,Female,Loan,123390,48879,credit,2022-06-06,Unknown,HDFC001,Rejected,797,Pending,Inactive
A11932,Unknown,25,Male,Unknown,3861,18670,credit,2025-06-05,Unknown,AXIS004,Pending,596,Verified,Active
A13110,Amit,61,Other,Loan,11005,31434,credit,2022-10-06,Chennai,AXIS004,Rejected,877,Rejected,Closed
A10266,Unknown,28,Female,Current,98533,-13586,debit,2024-05-01,Unknown,ICICI003,Rejected,395,Rejected,Inactive
A13078,Amit,38,Other,Unknown,55743,-47516,debit,2021-11-10,Pune,AXIS004,Approved,828,Verified,Active
A11286,John,29,Female,Credit,77944,5398,credit,2022-06-09,Bangalore,Unknown,Rejected,771,Pending,Inactive
A10614,Priya,26,Female,Savings,134962,-6064,debit,2024-09-02,Bangalore,Unknown,Rejected,683,Pending,Active
A10331,Amit,21,Male,Current,68034,-21196,debit,2022-10-03,Chennai,AXIS004,Rejected,713,Verified,Closed
A11394,John,35,Female,Unknown,27556,-23754,debit,2021-01-22,Bangalore,Unknown,Pending,854,Pending,Dormant
A11365,Amit,32,Other,Unknown,55286,-18012,debit,2023-07-14,Unknown,Unknown,Approved,773,Verified,Active
A13454,Priya,22,Female,Credit,44223,33096,credit,2022-05-19,Unknown,AXIS004,Rejected,663,Pending,Dormant
A12418,Amit,18,Other,Unknown,-3547,28906,credit,2024-05-02,Unknown,Unknown,Rejected,677,Rejected,Inactive
A12738,John,41,Female,Unknown,93049,20630,credit,2022-02-15,Unknown,HDFC001,Approved,594,Verified,Active
A13330,Priya,34,Other,Unknown,114176,35926,credit,2022-03-25,Unknown,ICICI003,Rejected,635,Rejected,Inactive
A13404,Amit,45,Other,Current,9619,14542,credit,2025-10-16,Unknown,Unknown,Pending,574,Pending,Closed
A10669,Neha,70,Other,Credit,84963,43179,credit,2022-06-19,Unknown,HDFC001,Rejected,439,Rejected,Inactive
A11545,John,40,Male,Current,195165,47888,credit,2021-04-26,Mumbai,ICICI003,Pending,683,Pending,Dormant
A10627,John,53,Male,Credit,125854,-11520,debit,2024-12-13,Pune,ICICI003,Rejected,774,Pending,Inactive
A10968,Unknown,68,Other,Current,168071,-20011,debit,2023-09-30,Bangalore,HDFC001,Rejected,737,Pending,Closed
A10389,John,53,Other,Loan,139427,32095,credit,2025-02-14,Delhi,Unknown,Rejected,513,Rejected,Inactive
A12676,Amit,34,Female,Unknown,67204,41313,credit,2021-12-12,Delhi,Unknown,Rejected,661,Pending,Dormant
A10181,Neha,27,Other,Unknown,159108,20262,credit,2021-09-25,Delhi,HDFC001,Rejected,653,Rejected,Inactive
A12283,John,45,Other,Credit,119842,45827,credit,2021-08-26,Bangalore,ICICI003,Rejected,835,Rejected,Inactive
A10193,Amit,42,Male,Credit,95116,8237,credit,2025-10-16,Chennai,AXIS004,Rejected,791,Pending,Inactive
A12639,Neha,65,Other,Unknown,3615,-18308,debit,2023-10-12,Unknown,HDFC001,Rejected,549,Pending,Inactive
A13134,John,20,Other,Credit,9816,38585,credit,2022-08-22,Bangalore,AXIS004,Pending,479,Pending,Active
A12380,Ravi,29,Other,Credit,80168,-8033,debit,2022-02-22,Delhi,AXIS004,Rejected,417,Rejected,Inactive
A12607,Amit,29,Female,Loan,73628,-33787,debit,2021-06-05,Unknown,Unknown,Approved,730,Verified,Dormant
A12636,Ravi,42,Other,Loan,74399,16971,credit,2023-08-12,Delhi,HDFC001,Pending,389,Pending,Inactive
A11685,Amit,37,Female,Credit,199854,17689,credit,2025-01-19,Chennai,Unknown,Rejected,785,Pending,Inactive
A10120,Ravi,18,Female,Unknown,59642,-6642,debit,2025-02-19,Pune,SBI002,Approved,373,Verified,Active
A11810,Amit,63,Female,Credit,160770,26723,credit,2022-03-31,Bangalore,Unknown,Approved,452,Verified,Active
A12393,Neha,26,Other,Unknown,144653,14054,credit,2025-02-21,Unknown,Unknown,Pending,846,Pending,Dormant
A10525,Neha,41,Other,Loan,107596,-6813,debit,2024-07-07,Bangalore,HDFC001,Rejected,512,Rejected,Inactive
A10222,Unknown,19,Other,Current,150095,48816,credit,2022-03-06,Pune,ICICI003,Approved,653,Verified,Active
A10236,Amit,18,Other,Unknown,141213,-44592,debit,2025-06-03,Chennai,AXIS004,Rejected,546,Pending,Inactive
A12153,Priya,65,Male,Savings,172564,-2557,debit,2023-09-06,Pune,HDFC001,Pending,510,Pending,Dormant
A13285,John,56,Male,Loan,75163,-3417,debit,2022-07-26,Unknown,Unknown,Rejected,355,Pending,Inactive
A10612,John,27,Female,Current,147084,23306,credit,2022-07-30,Bangalore,Unknown,Pending,641,Pending,Active
A11576,Ravi,22,Other,Credit,135017,7903,credit,2022-10-21,Unknown,Unknown,Rejected,477,Rejected,Inactive
A10922,Neha,42,Other,Unknown,93918,-16438,debit,2024-07-23,Unknown,AXIS004,Rejected,802,Rejected,Inactive
A13230,Amit,34,Other,Unknown,70503,-10298,debit,2022-02-27,Chennai,Unknown,Rejected,889,Rejected,Dormant
A13461,John,35,Other,Unknown,180523,20662,credit,2025-07-20,Delhi,Unknown,Rejected,407,Rejected,Inactive
A12191,Ravi,35,Female,Unknown,115656,-13889,debit,2022-02-19,Unknown,AXIS004,Rejected,884,Pending,Inactive
A10959,John,43,Other,Savings,7575,-46660,debit,2021-05-23,Unknown,AXIS004,Rejected,344,Rejected,Inactive
A13109,Ravi,23,Male,Current,161656,18804,credit,2021-09-05,Bangalore,Unknown,Pending,683,Pending,Dormant
A10095,Amit,64,Other,Loan,184456,-31355,debit,2022-02-04,Chennai,SBI002,Rejected,699,Verified,Active
A12400,Ravi,39,Other,Savings,52387,10059,credit,2021-11-21,Bangalore,AXIS004,Rejected,438,Pending,Dormant
A12544,Sara,52,Other,Unknown,65622,19345,credit,2023-01-05,Chennai,HDFC001,Rejected,787,Rejected,Inactive
A12256,Neha,51,Other,Credit,30922,38397,credit,2023-01-09,Chennai,ICICI003,Rejected,764,Pending,Inactive
A12336,John,19,Other,Unknown,15475,-44177,debit,2022-01-04,Unknown,Unknown,Pending,437,Pending,Active
A10062,Amit,49,Other,Credit,104938,12049,credit,2021-05-20,Chennai,Unknown,Rejected,410,Rejected,Inactive
A12442,Amit,21,Other,Credit,76790,36170,credit,2021-03-23,Bangalore,AXIS004,Approved,612,Verified,Dormant
A12444,Sara,51,Other,Loan,174998,34369,credit,2024-10-23,Unknown,ICICI003,Rejected,608,Pending,Closed
A11629,John,50,Male,Loan,48057,14199,credit,2024-06-23,Bangalore,Unknown,Rejected,516,Pending,Dormant
A11437,Amit,24,Female,Current,131998,-15747,debit,2022-08-09,Chennai,SBI002,Rejected,707,Pending,Dormant
A12394,Neha,22,Other,Current,147659,-13604,debit,2021-08-18,Pune,AXIS004,Approved,855,Verified,Active
A12023,Neha,18,Female,Unknown,188845,40387,credit,2024-12-12,Bangalore,Unknown,Pending,439,Pending,Active
A10150,John,69,Female,Unknown,163379,40041,credit,2024-05-14,Unknown,AXIS004,Rejected,544,Rejected,Inactive
A10403,Priya,51,Other,Credit,127366,1218,credit,2022-02-26,Unknown,Unknown,Pending,706,Pending,Active
A12437,John,39,Female,Unknown,125797,-38016,debit,2024-04-03,Unknown,AXIS004,Rejected,523,Pending,Inactive
A12852,Priya,22,Other,Unknown,70054,24247,credit,2021-10-13,Chennai,AXIS004,Pending,851,Verified,Dormant
A10595,Amit,32,Female,Unknown,166573,18815,credit,2023-12-11,Bangalore,AXIS004,Pending,808,Verified,Active
A10127,Amit,43,Other,Current,190709,49306,credit,2021-06-21,Chennai,HDFC001,Rejected,472,Rejected,Inactive
A11508,John,37,Other,Credit,119593,18341,credit,2022-05-26,Delhi,AXIS004,Approved,631,Verified,Dormant
A11797,John,25,Female,Current,28233,47071,credit,2024-12-03,Unknown,ICICI003,Pending,410,Verified,Dormant
A13420,Amit,39,Male,Unknown,-887,-10429,debit,2025-09-19,Chennai,AXIS004,Rejected,680,Rejected,Dormant
A12508,John,54,Male,Current,45069,-5972,debit,2025-02-20,Bangalore,SBI002,Rejected,405,Pending,Inactive
A13226,Sara,27,Female,Savings,32573,14690,credit,2025-07-24,Mumbai,Unknown,Rejected,468,Pending,Inactive
A11107,Amit,19,Other,Unknown,7305,-16750,debit,2022-05-15,Bangalore,AXIS004,Rejected,887,Rejected,Closed
A12022,John,59,Other,Credit,46075,31086,credit,2022-09-04,Delhi,Unknown,Rejected,527,Rejected,Inactive
A11159,Amit,20,Other,Current,152475,44703,credit,2024-10-14,Delhi,Unknown,Rejected,671,Rejected,Inactive
A13252,Neha,40,Male,Credit,23599,-37081,debit,2021-07-03,Delhi,AXIS004,Approved,820,Verified,Active
A10592,Priya,43,Female,Unknown,28678,41681,credit,2025-09-21,Bangalore,Unknown,Rejected,536,Verified,Active
A12461,John,30,Other,Unknown,181924,-46930,debit,2022-05-27,Unknown,Unknown,Pending,334,Pending,Active
A11024,John,37,Female,Credit,114588,-9148,debit,2022-03-09,Unknown,HDFC001,Rejected,345,Rejected,Inactive
A12767,Priya,26,Male,Unknown,82044,-42216,debit,2024-12-22,Delhi,Unknown,Rejected,366,Pending,Inactive
A10573,Amit,23,Other,Unknown,36794,-5716,debit,2022-09-11,Unknown,AXIS004,Approved,498,Verified,Dormant
A12371,John,23,Other,Unknown,108784,14101,credit,2023-03-30,Bangalore,Unknown,Pending,797,Verified,Dormant
A13216,Neha,32,Other,Loan,45283,-268,debit,2024-01-27,Bangalore,AXIS004,Pending,875,Pending,Dormant
A11904,John,32,Female,Current,71331,-12103,debit,2023-03-14,Delhi,Unknown,Rejected,511,Pending,Dormant
A11481,John,70,Other,Savings,30325,-11390,debit,2022-05-02,Bangalore,AXIS004,Rejected,807,Pending,Inactive
A10116,John,27,Other,Unknown,142526,-5506,debit,2023-05-14,Chennai,ICICI003,Rejected,846,Pending,Inactive
A10741,John,45,Other,Loan,58010,36973,credit,2022-05-23,Delhi,Unknown,Approved,423,Verified,Dormant
A10824,Neha,69,Male,Credit,-3499,-3632,debit,2022-12-12,Unknown,HDFC001,Rejected,615,Pending,Closed
A11342,Sara,35,Male,Savings,174743,14411,credit,2021-04-03,Pune,SBI002,Pending,680,Verified,Active
A13000,John,68,Female,Loan,161613,-17772,debit,2024-04-11,Unknown,HDFC001,Approved,377,Verified,Dormant
A12608,Amit,47,Other,Unknown,156129,47677,credit,2024-06-21,Pune,Unknown,Pending,727,Pending,Active
A11169,Priya,29,Other,Unknown,74970,16898,credit,2021-11-30,Mumbai,ICICI003,Approved,544,Verified,Active
A11909,Priya,52,Other,Credit,19745,-4217,debit,2023-10-10,Unknown,AXIS004,Rejected,317,Pending,Inactive
A10492,Amit,18,Other,Credit,113052,19253,credit,2024-04-12,Unknown,HDFC001,Rejected,898,Pending,Inactive
A11214,Neha,74,Other,Current,126129,-5995,debit,2021-04-15,Mumbai,SBI002,Rejected,421,Pending,Inactive
A12127,Amit,33,Other,Unknown,195385,-19929,debit,2025-06-10,Bangalore,Unknown,Rejected,524,Pending,Inactive
A10742,Sara,51,Male,Unknown,83114,-4126,debit,2025-10-15,Pune,SBI002,Pending,442,Pending,Dormant
A13278,Neha,39,Male,Credit,71603,10960,credit,2022-08-18,Chennai,AXIS004,Rejected,886,Pending,Inactive
A10417,Unknown,40,Male,Savings,13276,31329,credit,2021-07-11,Pune,Unknown,Rejected,450,Pending,Inactive
A11924,Neha,43,Other,Credit,96827,-31576,debit,2024-09-29,Delhi,Unknown,Rejected,440,Rejected,Inactive
A12960,Amit,45,Female,Savings,156378,26378,credit,2021-01-05,Delhi,AXIS004,Rejected,616,Rejected,Inactive
A12276,Amit,35,Other,Credit,53688,14190,credit,2022-08-27,Chennai,Unknown,Rejected,410,Pending,Inactive
A11863,John,24,Male,Current,130814,967,credit,2021-10-08,Bangalore,Unknown,Rejected,374,Verified,Active
A13390,Unknown,51,Male,Current,50108,-6687,debit,2025-12-10,Unknown,AXIS004,Rejected,591,Rejected,Inactive
A12414,Amit,56,Female,Current,7441,45810,credit,2023-09-16,Unknown,HDFC001,Rejected,401,Pending,Inactive
A10007,John,43,Female,Loan,172182,43439,credit,2025-08-14,Unknown,Unknown,Pending,774,Verified,Dormant
A12557,John,22,Other,Unknown,87439,-17753,debit,2023-08-28,Unknown,ICICI003,Pending,509,Pending,Dormant
A10790,Amit,25,Other,Credit,169573,9703,credit,2021-04-12,Bangalore,AXIS004,Rejected,555,Pending,Inactive
A11890,Sara,18,Other,Loan,48585,26261,credit,2022-02-07,Pune,ICICI003,Rejected,849,Pending,Inactive
A12206,Neha,24,Male,Savings,470,16347,credit,2021-02-04,Bangalore,AXIS004,Rejected,525,Rejected,Inactive
A11782,Amit,29,Other,Unknown,155570,8811,credit,2025-04-01,Bangalore,Unknown,Approved,833,Verified,Active
A11616,Neha,25,Other,Unknown,29087,-15452,debit,2021-01-12,Unknown,ICICI003,Rejected,737,Verified,Dormant
A11179,Amit,24,Other,Credit,106742,28664,credit,2023-11-08,Unknown,Unknown,Rejected,404,Rejected,Inactive
A10495,Priya,41,Male,Credit,342,2474,credit,2025-08-20,Mumbai,ICICI003,Rejected,637,Pending,Dormant
A10626,Amit,56,Male,Loan,77919,5124,credit,2023-12-06,Chennai,HDFC001,Rejected,440,Rejected,Inactive
A12571,Priya,20,Other,Current,7438,-40468,debit,2022-02-08,Chennai,HDFC001,Approved,819,Verified,Active
A12007,John,27,Male,Credit,50572,44224,credit,2024-09-22,Unknown,Unknown,Rejected,589,Pending,Inactive
A11870,Amit,48,Other,Credit,96814,43176,credit,2025-08-10,Unknown,HDFC001,Rejected,840,Pending,Inactive
A10798,Ravi,68,Other,Loan,176916,42830,credit,2023-06-04,Mumbai,SBI002,Rejected,561,Rejected,Inactive
A12138,Neha,44,Male,Credit,196133,11850,credit,2025-03-04,Delhi,ICICI003,Approved,849,Verified,Active
A12338,Ravi,30,Other,Current,25270,49469,credit,2025-03-09,Bangalore,HDFC001,Rejected,475,Pending,Inactive
A12614,Neha,36,Male,Loan,135773,6856,credit,2022-04-18,Unknown,HDFC001,Rejected,362,Rejected,Inactive
A11873,Amit,56,Other,Credit,100283,-17795,debit,2021-01-06,Chennai,AXIS004,Approved,533,Verified,Active
A12723,John,67,Female,Unknown,177643,13400,credit,2024-04-25,Unknown,HDFC001,Rejected,573,Rejected,Inactive
A13143,John,39,Female,Current,35057,-16064,debit,2021-03-23,Unknown,Unknown,Rejected,566,Pending,Inactive
A12925,Amit,57,Female,Credit,98402,20901,credit,2021-02-28,Delhi,Unknown,Rejected,838,Pending,Inactive
A10624,John,43,Other,Loan,195437,46457,credit,2024-02-24,Mumbai,AXIS004,Rejected,841,Rejected,Inactive
A10421,Unknown,73,Other,Unknown,10119,36802,credit,2024-12-06,Mumbai,Unknown,Rejected,367,Pending,Inactive
A11092,Amit,24,Male,Unknown,174284,11995,credit,2025-06-05,Unknown,HDFC001,Rejected,561,Pending,Inactive
A10437,Amit,20,Female,Current,102527,-31145,debit,2022-12-27,Bangalore,Unknown,Rejected,513,Pending,Dormant
A13085,John,24,Other,Unknown,192745,-9641,debit,2024-01-24,Unknown,AXIS004,Approved,479,Verified,Active
A12149,Sara,31,Male,Savings,142930,-14301,debit,2023-06-17,Unknown,Unknown,Rejected,467,Rejected,Inactive
A10787,Amit,74,Male,Savings,175174,8085,credit,2022-10-06,Chennai,Unknown,Rejected,651,Rejected,Inactive
A13336,Sara,36,Other,Current,197217,8400,credit,2024-06-10,Unknown,AXIS004,Rejected,786,Rejected,Dormant
A12912,Priya,23,Female,Loan,33040,3993,credit,2023-08-03,Unknown,HDFC001,Rejected,733,Pending,Dormant
A11745,Amit,49,Other,Savings,85354,-47022,debit,2021-07-11,Delhi,Unknown,Approved,448,Verified,Active
A11221,Amit,26,Other,Credit,95470,-4177,debit,2024-10-04,Unknown,ICICI003,Rejected,819,Pending,Inactive
A12428,John,59,Male,Current,45,-2718,debit,2022-06-11,Pune,AXIS004,Rejected,388,Rejected,Inactive
A10100,Amit,42,Other,Unknown,169096,27131,credit,2023-01-21,Bangalore,AXIS004,Rejected,660,Pending,Dormant
A11409,Neha,49,Other,Loan,191794,-32929,debit,2024-10-13,Delhi,Unknown,Approved,751,Verified,Active
A10765,John,43,Other,Current,89847,18529,credit,2024-09-22,Mumbai,SBI002,Rejected,867,Rejected,Inactive
A11181,Ravi,33,Female,Unknown,155968,14724,credit,2025-08-01,Bangalore,Unknown,Rejected,634,Rejected,Inactive
A10901,Amit,30,Female,Credit,22340,11580,credit,2021-07-02,Bangalore,AXIS004,Rejected,319,Rejected,Inactive
A10230,Sara,46,Other,Savings,198685,19582,credit,2024-07-05,Delhi,HDFC001,Rejected,529,Pending,Inactive
A10504,Amit,19,Other,Credit,37395,-17477,debit,2025-02-02,Unknown,ICICI003,Rejected,369,Pending,Inactive
A11960,Sara,45,Other,Savings,55097,-12093,debit,2023-10-29,Chennai,HDFC001,Approved,457,Verified,Active
A12710,John,33,Other,Credit,173462,-27370,debit,2023-02-16,Bangalore,AXIS004,Rejected,874,Rejected,Inactive
A13102,Amit,69,Female,Credit,122645,44072,credit,2022-06-22,Chennai,HDFC001,Pending,651,Pending,Active
A12303,Priya,48,Other,Savings,197940,-1037,debit,2025-10-20,Unknown,ICICI003,Rejected,476,Pending,Inactive
A12579,Ravi,39,Male,Loan,185230,-28662,debit,2023-07-20,Unknown,SBI002,Approved,788,Verified,Active
A11796,Sara,70,Other,Savings,-4882,-19242,debit,2021-11-12,Mumbai,Unknown,Approved,360,Verified,Dormant
A10660,Sara,29,Male,Loan,143396,25648,credit,2023-01-10,Pune,AXIS004,Rejected,334,Pending,Inactive
A12922,Sara,53,Other,Current,134840,15805,credit,2021-10-08,Unknown,SBI002,Rejected,329,Verified,Active
A12634,Sara,52,Other,Loan,123744,5221,credit,2023-10-04,Mumbai,SBI002,Rejected,860,Rejected,Inactive
A10123,Amit,72,Female,Savings,87789,19734,credit,2025-08-17,Pune,Unknown,Rejected,607,Rejected,Inactive
A13286,Amit,18,Male,Unknown,121232,-39000,debit,2021-03-03,Delhi,ICICI003,Pending,301,Verified,Active
A12364,Unknown,45,Male,Current,169887,-12145,debit,2024-09-07,Chennai,Unknown,Pending,669,Pending,Active
A12789,Ravi,42,Male,Loan,186274,-27773,debit,2023-06-22,Bangalore,SBI002,Rejected,759,Rejected,Dormant
A11274,Amit,64,Other,Credit,18472,47272,credit,2025-01-29,Chennai,AXIS004,Rejected,338,Rejected,Dormant
A11629,John,50,Male,Loan,129378,-33982,debit,2023-01-11,Bangalore,Unknown,Approved,536,Verified,Dormant
A10681,Sara,58,Other,Credit,157736,-5292,debit,2022-04-20,Unknown,AXIS004,Approved,305,Verified,Active
A11576,Ravi,22,Other,Credit,1638,-12197,debit,2023-09-26,Unknown,Unknown,Rejected,759,Rejected,Inactive
A12236,Neha,47,Other,Unknown,49882,25296,credit,2025-07-19,Unknown,Unknown,Rejected,797,Rejected,Inactive
A11233,Priya,69,Other,Current,92191,-27594,debit,2023-03-28,Unknown,Unknown,Approved,896,Verified,Active
A10691,John,22,Female,Credit,134538,13193,credit,2021-07-23,Chennai,AXIS004,Pending,803,Verified,Active
A11320,Ravi,74,Female,Unknown,117493,26951,credit,2022-03-31,Mumbai,HDFC001,Approved,785,Verified,Active
A12107,Amit,35,Other,Loan,141459,41913,credit,2022-01-22,Mumbai,Unknown,Rejected,815,Pending,Inactive
A12538,John,36,Male,Credit,103723,26394,credit,2025-03-28,Unknown,AXIS004,Rejected,388,Rejected,Inactive
A11502,Sara,70,Other,Current,30683,11339,credit,2023-05-18,Pune,HDFC001,Pending,470,Pending,Dormant
A12589,Neha,47,Other,Credit,1514,-29452,debit,2022-06-18,Bangalore,ICICI003,Approved,643,Verified,Dormant
A12273,Amit,25,Male,Current,96688,-9139,debit,2022-01-01,Unknown,Unknown,Approved,439,Verified,Active
A13310,John,20,Other,Unknown,118351,36918,credit,2022-08-12,Unknown,Unknown,Rejected,358,Pending,Inactive
A10382,Priya,69,Female,Current,182622,-5291,debit,2022-12-24,Pune,AXIS004,Rejected,654,Verified,Dormant
A12264,John,18,Other,Credit,2845,24093,credit,2023-04-11,Unknown,AXIS004,Approved,869,Verified,Active
A13344,Amit,43,Male,Unknown,171913,10230,credit,2024-05-24,Chennai,AXIS004,Rejected,656,Rejected,Inactive
A12915,Priya,45,Other,Unknown,182832,3318,credit,2022-11-12,Chennai,SBI002,Approved,871,Verified,Active
A13239,John,53,Female,Current,74276,-27201,debit,2025-09-30,Bangalore,AXIS004,Rejected,725,Rejected,Dormant
A10508,Amit,40,Other,Current,78449,17013,credit,2025-10-18,Unknown,Unknown,Rejected,590,Rejected,Inactive
A13137,Amit,38,Male,Unknown,78598,-34850,debit,2023-03-25,Bangalore,AXIS004,Rejected,300,Pending,Inactive
A13272,Ravi,46,Other,Unknown,124906,21853,credit,2022-01-28,Bangalore,Unknown,Approved,339,Verified,Active
A11408,Amit,24,Male,Credit,76531,-15681,debit,2025-02-11,Unknown,AXIS004,Approved,808,Verified,Active
A11111,John,23,Other,Credit,164272,13631,credit,2024-05-16,Delhi,HDFC001,Approved,864,Verified,Active
A11391,Priya,47,Female,Savings,101216,40427,credit,2024-10-19,Delhi,AXIS004,Rejected,789,Pending,Inactive
A12495,Ravi,50,Other,Loan,88383,-8935,debit,2024-10-15,Unknown,AXIS004,Rejected,754,Pending,Inactive
A12458,Neha,57,Male,Credit,2624,-19197,debit,2021-07-02,Mumbai,Unknown,Rejected,496,Rejected,Inactive
A10729,John,41,Male,Current,96766,-32787,debit,2023-08-15,Bangalore,ICICI003,Rejected,551,Verified,Active
A11369,John,44,Female,Unknown,115375,25578,credit,2022-12-30,Unknown,Unknown,Pending,438,Pending,Dormant
A13206,Neha,28,Other,Unknown,88833,46077,credit,2024-08-24,Bangalore,AXIS004,Rejected,698,Rejected,Inactive
A12264,John,18,Other,Credit,20259,42240,credit,2024-01-27,Unknown,AXIS004,Rejected,395,Rejected,Dormant
A11527,Sara,19,Other,Loan,19479,7106,credit,2021-08-02,Bangalore,SBI002,Rejected,669,Verified,Closed
A12511,Ravi,18,Female,Loan,164670,13156,credit,2024-12-25,Unknown,AXIS004,Approved,538,Verified,Active
A11125,Priya,21,Other,Savings,12299,-14594,debit,2023-12-09,Bangalore,AXIS004,Rejected,396,Pending,Inactive
A11321,Sara,43,Other,Unknown,126383,443,credit,2025-09-09,Pune,HDFC001,Rejected,357,Rejected,Inactive
A11937,Amit,58,Other,Loan,181095,45843,credit,2024-06-23,Unknown,Unknown,Pending,770,Verified,Active
A13115,Neha,30,Female,Unknown,125686,3492,credit,2025-07-01,Unknown,AXIS004,Rejected,841,Pending,Inactive
A11134,Ravi,21,Female,Current,196222,-6657,debit,2025-08-31,Unknown,HDFC001,Rejected,315,Rejected,Inactive
A10374,John,52,Other,Unknown,89449,-25181,debit,2021-10-19,Unknown,Unknown,Rejected,798,Pending,Inactive
A12963,Neha,28,Female,Unknown,22070,-16502,debit,2024-10-05,Pune,Unknown,Rejected,833,Pending,Inactive
A12799,Amit,67,Male,Credit,67512,-3605,debit,2021-12-25,Chennai,SBI002,Rejected,457,Verified,Active
A11814,Priya,19,Female,Current,131445,5534,credit,2025-02-25,Unknown,Unknown,Rejected,300,Rejected,Inactive
A13437,Amit,26,Other,Credit,154107,19830,credit,2022-04-15,Chennai,Unknown,Pending,735,Pending,Active
A12571,Priya,20,Other,Current,50002,-7763,debit,2022-10-28,Chennai,HDFC001,Pending,637,Pending,Closed
A12977,Amit,32,Other,Unknown,111237,-42919,debit,2024-08-10,Unknown,ICICI003,Rejected,378,Rejected,Inactive
A12167,Neha,61,Male,Current,89718,36811,credit,2023-02-20,Bangalore,Unknown,Rejected,744,Rejected,Inactive
A10282,Priya,25,Other,Unknown,196758,-47523,debit,2024-08-30,Delhi,AXIS004,Rejected,557,Pending,Inactive
A10560,Priya,39,Other,Unknown,97223,-23863,debit,2024-07-25,Mumbai,HDFC001,Rejected,363,Rejected,Inactive
A13271,Amit,35,Other,Credit,100969,8320,credit,2023-11-15,Unknown,AXIS004,Rejected,882,Pending,Inactive
A10239,Neha,20,Male,Unknown,6788,1871,credit,2023-03-03,Mumbai,ICICI003,Rejected,342,Pending,Inactive
A12742,Amit,31,Male,Savings,124663,43513,credit,2021-02-04,Chennai,AXIS004,Approved,583,Verified,Active
A10608,Unknown,32,Other,Credit,14121,12031,credit,2025-11-17,Unknown,AXIS004,Pending,402,Pending,Active
A10356,Neha,46,Female,Savings,1414,-25854,debit,2025-05-01,Bangalore,ICICI003,Approved,446,Verified,Active
A11874,Unknown,34,Other,Unknown,155131,4856,credit,2022-05-26,Mumbai,Unknown,Approved,862,Verified,Active
A12647,Priya,41,Female,Credit,10418,17231,credit,2023-10-11,Mumbai,HDFC001,Rejected,466,Pending,Inactive
A11429,John,39,Male,Unknown,38313,6128,credit,2021-11-21,Chennai,AXIS004,Pending,843,Verified,Active
A11534,John,50,Other,Unknown,187650,-44392,debit,2024-09-05,Bangalore,Unknown,Rejected,606,Pending,Closed
A12562,John,24,Female,Credit,45360,2228,credit,2023-10-19,Unknown,ICICI003,Rejected,737,Rejected,Inactive
A13336,Sara,36,Other,Current,29554,-85,debit,2023-01-08,Unknown,AXIS004,Pending,352,Pending,Active
A13338,John,74,Other,Unknown,168069,7462,credit,2023-08-25,Chennai,AXIS004,Rejected,649,Rejected,Inactive
A12309,Amit,27,Female,Unknown,114539,19777,credit,2025-11-10,Unknown,AXIS004,Rejected,749,Pending,Inactive
A13366,Priya,26,Other,Savings,152650,858,credit,2021-06-09,Bangalore,Unknown,Rejected,726,Verified,Active
A12982,Priya,32,Male,Current,52199,12299,credit,2025-08-18,Chennai,AXIS004,Rejected,510,Rejected,Active
A10612,John,27,Female,Current,144008,-14666,debit,2022-07-23,Bangalore,Unknown,Approved,453,Verified,Active
A10449,John,23,Female,Unknown,47765,-6949,debit,2025-11-24,Unknown,Unknown,Pending,618,Pending,Inactive
A11653,Amit,18,Female,Credit,144045,-19700,debit,2023-09-08,Unknown,HDFC001,Rejected,364,Pending,Inactive
A10571,Ravi,42,Female,Loan,122838,-4106,debit,2021-03-12,Delhi,HDFC001,Rejected,469,Verified,Active
A10901,Amit,30,Female,Credit,15377,12943,credit,2021-12-03,Bangalore,AXIS004,Rejected,647,Pending,Active
A12309,Amit,27,Female,Unknown,170550,31773,credit,2023-08-05,Unknown,AXIS004,Rejected,674,Pending,Inactive
A12086,John,43,Other,Unknown,98911,2474,credit,2023-01-21,Chennai,AXIS004,Rejected,389,Pending,Inactive
A12136,Sara,41,Other,Current,100699,30189,credit,2025-07-15,Chennai,Unknown,Pending,403,Pending,Inactive
A11743,John,35,Female,Unknown,34574,-8253,debit,2021-09-12,Bangalore,AXIS004,Rejected,686,Rejected,Inactive
A13412,Ravi,51,Male,Unknown,174451,-4632,debit,2022-01-18,Delhi,HDFC001,Rejected,332,Verified,Active
A12418,Amit,18,Other,Unknown,-3157,-11899,debit,2021-03-05,Unknown,Unknown,Rejected,597,Rejected,Inactive
A11289,John,42,Female,Loan,67444,21969,credit,2024-06-26,Unknown,Unknown,Rejected,781,Pending,Inactive
A13204,Neha,33,Other,Unknown,74237,17603,credit,2021-03-30,Delhi,HDFC001,Approved,548,Verified,Active
A12993,Neha,18,Other,Credit,136006,21615,credit,2022-10-09,Unknown,AXIS004,Approved,319,Verified,Active
A13096,Neha,57,Other,Unknown,47500,22129,credit,2021-01-31,Pune,SBI002,Rejected,356,Rejected,Inactive
A11630,John,24,Other,Current,186365,18564,credit,2025-10-28,Unknown,HDFC001,Rejected,899,Verified,Closed
A13458,Neha,35,Female,Loan,117238,22741,credit,2022-01-19,Chennai,Unknown,Rejected,756,Pending,Inactive
A11291,Amit,26,Other,Unknown,78795,-12398,debit,2022-11-28,Delhi,HDFC001,Rejected,698,Pending,Dormant
A10397,Ravi,65,Other,Current,59270,-15716,debit,2023-10-28,Chennai,HDFC001,Pending,893,Pending,Closed
A12532,Neha,19,Female,Credit,59046,-28847,debit,2025-04-10,Chennai,Unknown,Pending,805,Verified,Active
A12129,Sara,25,Other,Unknown,160963,-1557,debit,2021-06-10,Unknown,AXIS004,Rejected,833,Rejected,Inactive
A11178,Amit,38,Other,Credit,85158,-7558,debit,2025-05-27,Unknown,AXIS004,Rejected,840,Pending,Inactive
A11711,Amit,58,Other,Credit,85247,-9523,debit,2024-02-05,Bangalore,HDFC001,Rejected,717,Rejected,Inactive
A11634,Neha,26,Female,Loan,-3331,-14301,debit,2023-08-29,Unknown,Unknown,Approved,677,Verified,Active
A11557,John,68,Other,Unknown,190348,43336,credit,2021-11-02,Delhi,Unknown,Approved,371,Verified,Active
A11706,Priya,18,Other,Current,143753,-47797,debit,2021-04-09,Unknown,SBI002,Rejected,496,Rejected,Inactive
A12489,Neha,53,Female,Current,8113,40804,credit,2021-03-08,Unknown,Unknown,Pending,820,Verified,Active
A11169,Priya,29,Other,Unknown,105883,-36521,debit,2025-08-22,Mumbai,ICICI003,Approved,764,Verified,Active
A10613,Neha,20,Other,Credit,73261,14043,credit,2022-07-26,Chennai,ICICI003,Rejected,767,Pending,Inactive
A13316,Amit,34,Male,Unknown,4212,-11767,debit,2021-10-18,Delhi,SBI002,Rejected,341,Pending,Inactive
A12517,Sara,40,Other,Savings,133258,46553,credit,2023-08-01,Mumbai,SBI002,Approved,774,Verified,Active
A10183,Unknown,28,Other,Loan,98520,-13171,debit,2023-05-12,Chennai,AXIS004,Pending,674,Verified,Active
A13268,Amit,35,Other,Unknown,136761,10504,credit,2025-01-22,Bangalore,AXIS004,Approved,624,Verified,Active
A10111,Amit,26,Other,Current,170844,247,credit,2021-03-03,Delhi,SBI002,Rejected,345,Pending,Inactive
A11250,John,39,Female,Current,136876,-15854,debit,2024-01-06,Unknown,Unknown,Rejected,488,Rejected,Inactive
A12827,Amit,51,Other,Credit,101683,4327,credit,2021-03-26,Bangalore,AXIS004,Approved,840,Verified,Active
A12145,Priya,45,Female,Unknown,31497,20964,credit,2023-08-09,Bangalore,Unknown,Rejected,325,Pending,Inactive
A12286,John,24,Male,Savings,124319,-10537,debit,2025-07-31,Unknown,HDFC001,Rejected,421,Rejected,Inactive
A12451,Neha,21,Female,Savings,28747,-25743,debit,2022-12-14,Pune,AXIS004,Approved,514,Verified,Active
A11035,Ravi,23,Other,Credit,60311,2521,credit,2025-08-22,Chennai,Unknown,Rejected,637,Rejected,Dormant
A13041,John,45,Other,Current,-222,38369,credit,2022-05-23,Chennai,Unknown,Rejected,413,Rejected,Inactive
A11561,John,44,Male,Loan,171990,31373,credit,2023-01-13,Unknown,Unknown,Pending,639,Pending,Closed
A11121,John,30,Female,Current,164284,14026,credit,2022-08-09,Unknown,HDFC001,Rejected,587,Rejected,Inactive
A11375,Ravi,18,Other,Unknown,79034,9227,credit,2024-10-13,Unknown,AXIS004,Approved,876,Verified,Active
A12349,Amit,21,Female,Credit,39859,-17410,debit,2022-05-20,Chennai,AXIS004,Approved,877,Verified,Active
A12822,Neha,61,Other,Credit,72862,-19384,debit,2023-11-06,Chennai,HDFC001,Rejected,416,Rejected,Inactive
A12649,Ravi,50,Female,Loan,97528,16796,credit,2024-01-14,Pune,AXIS004,Rejected,724,Pending,Closed
A12541,John,58,Other,Current,113262,-18929,debit,2024-11-02,Pune,SBI002,Rejected,309,Pending,Inactive
A12598,Unknown,38,Other,Unknown,154244,19404,credit,2025-12-12,Bangalore,AXIS004,Rejected,740,Rejected,Inactive
A10051,Unknown,32,Male,Unknown,160243,-36769,debit,2023-02-07,Chennai,AXIS004,Approved,775,Verified,Active
A11040,Neha,42,Other,Credit,185133,2605,credit,2021-08-31,Delhi,ICICI003,Pending,892,Verified,Dormant
A10771,John,21,Other,Savings,159782,-18710,debit,2023-07-05,Mumbai,AXIS004,Pending,817,Verified,Active
A11882,Neha,34,Other,Loan,168345,-8982,debit,2022-09-19,Unknown,Unknown,Rejected,310,Rejected,Inactive
A10430,Amit,27,Other,Unknown,118609,-16751,debit,2024-04-17,Delhi,ICICI003,Approved,867,Verified,Active
A11437,Amit,24,Female,Current,189215,-18536,debit,2023-11-15,Chennai,SBI002,Rejected,813,Pending,Inactive
A10770,Amit,21,Other,Unknown,10082,37768,credit,2021-01-01,Unknown,Unknown,Rejected,703,Pending,Closed
A10645,Neha,45,Female,Current,105861,-8018,debit,2024-01-17,Bangalore,ICICI003,Rejected,589,Rejected,Closed
A11401,Neha,21,Other,Unknown,2943,4892,credit,2023-07-26,Unknown,HDFC001,Approved,677,Verified,Active
A12831,Priya,33,Female,Loan,72441,40980,credit,2023-02-01,Delhi,Unknown,Rejected,596,Rejected,Inactive
A12894,Priya,21,Other,Credit,154138,22886,credit,2023-12-13,Delhi,Unknown,Rejected,876,Pending,Inactive
A11443,Amit,38,Other,Credit,120459,44432,credit,2024-03-24,Chennai,HDFC001,Rejected,731,Rejected,Inactive
A12228,Amit,62,Other,Savings,18111,-29855,debit,2023-01-02,Bangalore,HDFC001,Rejected,326,Rejected,Inactive
A11383,Priya,46,Other,Credit,38670,-31654,debit,2022-11-14,Chennai,Unknown,Rejected,736,Pending,Inactive
A12311,John,71,Male,Credit,124567,-18480,debit,2024-10-16,Delhi,Unknown,Rejected,453,Rejected,Inactive
A12739,Unknown,68,Female,Savings,198938,-2344,debit,2023-05-18,Unknown,ICICI003,Pending,863,Verified,Dormant
A13430,Amit,23,Other,Unknown,39071,17126,credit,2023-03-16,Unknown,Unknown,Approved,607,Verified,Active
A10761,Ravi,19,Male,Loan,165716,-11312,debit,2022-04-01,Delhi,HDFC001,Pending,456,Verified,Dormant
A10947,John,18,Female,Unknown,134913,30371,credit,2025-01-11,Chennai,Unknown,Rejected,588,Pending,Inactive
A10695,Sara,65,Female,Unknown,186582,34487,credit,2024-05-12,Mumbai,HDFC001,Rejected,812,Pending,Inactive
A10625,John,26,Other,Credit,56319,15138,credit,2025-05-15,Bangalore,ICICI003,Rejected,707,Rejected,Inactive
A10395,John,27,Other,Unknown,167647,16563,credit,2021-01-30,Unknown,Unknown,Pending,388,Pending,Dormant
A12499,Ravi,70,Male,Current,63219,48083,credit,2022-03-19,Chennai,Unknown,Rejected,349,Rejected,Inactive
A11741,Unknown,31,Male,Savings,53914,16683,credit,2024-09-27,Bangalore,SBI002,Rejected,547,Pending,Inactive
A13383,Unknown,66,Female,Unknown,145054,37430,credit,2021-04-18,Mumbai,ICICI003,Approved,773,Verified,Active
A12555,John,59,Other,Unknown,95039,36214,credit,2021-03-12,Chennai,Unknown,Rejected,571,Pending,Inactive
A13324,Priya,42,Other,Current,158940,10457,credit,2025-08-12,Bangalore,ICICI003,Rejected,604,Rejected,Inactive
A10504,Amit,19,Other,Credit,20984,-27336,debit,2023-01-25,Unknown,ICICI003,Pending,615,Pending,Active
A11860,Amit,25,Male,Loan,189731,33669,credit,2021-10-19,Chennai,HDFC001,Rejected,354,Verified,Active
A13189,Priya,23,Female,Current,142388,-12858,debit,2025-03-02,Unknown,HDFC001,Rejected,835,Pending,Inactive
A12419,Neha,57,Female,Credit,53918,47438,credit,2024-01-10,Unknown,HDFC001,Approved,889,Verified,Active
A11209,Priya,38,Male,Loan,178630,-378,debit,2024-12-21,Unknown,AXIS004,Rejected,348,Rejected,Inactive
A12397,Priya,21,Male,Loan,80225,15173,credit,2022-10-27,Chennai,Unknown,Rejected,560,Rejected,Inactive
A12662,John,19,Female,Loan,55141,9601,credit,2023-11-18,Unknown,ICICI003,Rejected,485,Pending,Dormant
A10907,Ravi,27,Other,Unknown,61725,9589,credit,2021-01-06,Bangalore,ICICI003,Rejected,678,Pending,Closed
A13308,Amit,44,Other,Current,12715,46118,credit,2022-04-25,Mumbai,SBI002,Rejected,485,Rejected,Inactive
A10003,John,19,Male,Unknown,9528,19124,credit,2024-12-04,Delhi,Unknown,Pending,390,Verified,Dormant
A10165,Neha,49,Other,Unknown,165718,-9979,debit,2024-05-08,Unknown,AXIS004,Rejected,377,Rejected,Inactive
A11415,Unknown,66,Other,Credit,33833,48303,credit,2022-10-02,Delhi,ICICI003,Approved,601,Verified,Active
A11821,Priya,56,Other,Unknown,199695,16141,credit,2024-06-14,Bangalore,ICICI003,Pending,627,Pending,Closed
A11102,Unknown,64,Female,Loan,144206,18255,credit,2022-06-22,Bangalore,SBI002,Rejected,718,Pending,Dormant
A13017,Neha,39,Female,Credit,30917,-12985,debit,2022-02-11,Mumbai,SBI002,Rejected,410,Rejected,Inactive
A10523,John,30,Male,Unknown,152725,-8140,debit,2025-10-31,Delhi,Unknown,Rejected,616,Rejected,Inactive
A12832,Amit,24,Other,Loan,80661,45314,credit,2023-08-02,Chennai,AXIS004,Approved,875,Verified,Active
A13132,Sara,50,Male,Current,36586,4670,credit,2023-11-06,Bangalore,HDFC001,Rejected,800,Rejected,Dormant
A12683,Amit,22,Female,Credit,145341,35496,credit,2022-05-17,Bangalore,Unknown,Rejected,654,Pending,Active
A10103,Neha,25,Other,Unknown,93707,-30629,debit,2022-03-08,Unknown,Unknown,Rejected,491,Rejected,Inactive
A11727,Priya,30,Other,Credit,11768,-9833,debit,2023-07-28,Mumbai,Unknown,Rejected,440,Rejected,Inactive
A10699,Amit,40,Male,Loan,33889,8354,credit,2025-02-27,Mumbai,Unknown,Rejected,508,Rejected,Closed
A12177,Neha,38,Female,Loan,-7,15720,credit,2022-10-16,Unknown,Unknown,Rejected,591,Pending,Closed
A11938,John,32,Female,Unknown,63335,-9253,debit,2022-06-20,Bangalore,AXIS004,Rejected,742,Rejected,Inactive
A11308,Priya,46,Other,Credit,2381,13411,credit,2023-12-10,Bangalore,AXIS004,Pending,871,Verified,Active
A10448,Amit,49,Female,Unknown,146075,13797,credit,2023-10-02,Bangalore,HDFC001,Rejected,716,Pending,Inactive
A10853,Unknown,27,Male,Savings,-3740,-44688,debit,2023-12-13,Chennai,ICICI003,Rejected,722,Pending,Closed
A11609,John,54,Female,Credit,84454,19084,credit,2025-07-01,Mumbai,HDFC001,Rejected,432,Rejected,Inactive
A12952,Unknown,21,Other,Current,129846,15574,credit,2025-10-13,Bangalore,HDFC001,Rejected,426,Pending,Inactive
A13467,Amit,32,Female,Credit,74644,-49290,debit,2022-02-06,Unknown,HDFC001,Rejected,514,Rejected,Inactive
A12524,Amit,26,Other,Savings,21070,-229,debit,2025-02-23,Unknown,Unknown,Pending,421,Verified,Dormant
A12421,Ravi,46,Female,Loan,25093,-9236,debit,2021-05-17,Unknown,Unknown,Rejected,396,Pending,Inactive
A11971,John,22,Other,Unknown,57253,44826,credit,2022-06-18,Unknown,AXIS004,Rejected,393,Rejected,Inactive
A12897,Priya,31,Female,Credit,17106,-48203,debit,2023-01-11,Bangalore,ICICI003,Rejected,726,Pending,Inactive
A10439,Amit,41,Female,Loan,180192,-19765,debit,2024-07-17,Pune,AXIS004,Approved,885,Verified,Active
A13087,Unknown,25,Other,Current,60055,867,credit,2025-06-28,Delhi,HDFC001,Rejected,322,Rejected,Inactive
A10131,Priya,69,Other,Unknown,114387,-9660,debit,2025-10-30,Unknown,ICICI003,Rejected,711,Pending,Inactive
A11130,Neha,30,Other,Unknown,63651,10681,credit,2021-03-22,Unknown,Unknown,Rejected,662,Pending,Closed
A12520,Neha,20,Male,Current,33962,47377,credit,2022-07-04,Unknown,AXIS004,Rejected,679,Pending,Closed
A10213,Amit,54,Other,Unknown,131189,15189,credit,2025-09-17,Chennai,Unknown,Approved,883,Verified,Active
A13356,Amit,57,Male,Current,145668,27018,credit,2025-01-25,Chennai,Unknown,Pending,582,Pending,Inactive
A11614,Amit,31,Other,Unknown,179233,-18710,debit,2021-06-11,Pune,Unknown,Rejected,550,Rejected,Inactive
A12927,Ravi,41,Other,Loan,16466,-46083,debit,2023-06-30,Chennai,Unknown,Rejected,616,Pending,Dormant
A10833,Amit,46,Male,Credit,191814,40937,credit,2023-12-04,Unknown,AXIS004,Rejected,890,Rejected,Inactive
A10844,Neha,45,Other,Credit,169010,45710,credit,2023-07-10,Bangalore,HDFC001,Pending,739,Pending,Dormant
A11291,Amit,26,Other,Unknown,84532,17735,credit,2024-01-21,Delhi,HDFC001,Rejected,795,Pending,Inactive
A11305,Amit,27,Other,Credit,76151,25189,credit,2025-12-18,Mumbai,HDFC001,Rejected,449,Rejected,Inactive
A11383,Priya,46,Other,Credit,19913,-38074,debit,2025-12-28,Chennai,Unknown,Rejected,782,Pending,Inactive
A11803,Neha,33,Male,Current,74442,24524,credit,2023-02-22,Mumbai,SBI002,Approved,671,Verified,Dormant
A10858,Neha,29,Other,Credit,180660,-1055,debit,2022-11-16,Unknown,ICICI003,Rejected,855,Rejected,Inactive
A10749,Amit,27,Female,Loan,189845,-11158,debit,2021-04-05,Delhi,AXIS004,Rejected,609,Pending,Closed
A11442,Amit,19,Female,Current,144820,18041,credit,2021-05-25,Delhi,ICICI003,Approved,847,Verified,Active
A11921,Unknown,44,Female,Loan,169636,-40274,debit,2022-10-02,Chennai,SBI002,Approved,763,Verified,Active
A13070,Priya,29,Male,Credit,75686,-15321,debit,2025-07-21,Pune,ICICI003,Rejected,337,Rejected,Dormant
A10656,Unknown,49,Female,Savings,120970,-46210,debit,2022-01-20,Unknown,HDFC001,Approved,482,Verified,Active
A13329,Neha,66,Other,Current,78803,-8348,debit,2025-07-18,Bangalore,HDFC001,Pending,592,Verified,Closed
A12576,Unknown,29,Other,Loan,41882,40425,credit,2025-11-15,Delhi,SBI002,Approved,848,Verified,Active
A12593,Neha,19,Other,Unknown,7903,2502,credit,2022-11-20,Unknown,ICICI003,Approved,711,Verified,Active
A13105,Priya,45,Other,Loan,63513,-1517,debit,2022-03-04,Pune,AXIS004,Rejected,466,Rejected,Dormant
A13244,Sara,26,Other,Unknown,19903,8597,credit,2021-05-13,Delhi,Unknown,Rejected,798,Rejected,Inactive
A11510,Priya,43,Other,Unknown,337,41885,credit,2021-07-16,Pune,AXIS004,Approved,650,Verified,Active
A10808,Amit,74,Other,Savings,138040,-19085,debit,2022-10-21,Unknown,Unknown,Rejected,463,Rejected,Inactive
A12376,Amit,21,Other,Unknown,84566,24154,credit,2025-04-21,Chennai,AXIS004,Rejected,501,Pending,Closed
A12253,Unknown,51,Other,Current,156948,31467,credit,2023-07-04,Bangalore,Unknown,Rejected,734,Pending,Active
A11130,Neha,30,Other,Unknown,86922,3641,credit,2024-11-10,Unknown,Unknown,Rejected,778,Pending,Inactive
A10595,Amit,32,Female,Unknown,164948,-17598,debit,2021-10-17,Bangalore,AXIS004,Rejected,416,Rejected,Inactive
A10754,Sara,22,Female,Current,192519,-11630,debit,2024-12-23,Bangalore,AXIS004,Pending,675,Pending,Active
A11440,Sara,26,Female,Unknown,44241,23613,credit,2023-05-03,Unknown,SBI002,Rejected,618,Rejected,Inactive
A10919,Amit,26,Female,Current,28117,19881,credit,2025-11-16,Delhi,ICICI003,Rejected,332,Rejected,Inactive
A10324,Priya,18,Male,Current,141075,-22166,debit,2021-06-19,Mumbai,ICICI003,Rejected,888,Pending,Inactive
A11439,Neha,45,Male,Savings,199910,44946,credit,2022-02-21,Chennai,HDFC001,Rejected,483,Rejected,Inactive
A10662,Amit,48,Female,Unknown,85087,11731,credit,2023-03-19,Chennai,Unknown,Approved,359,Verified,Active
A13136,Priya,45,Male,Current,117621,47314,credit,2021-01-08,Bangalore,AXIS004,Pending,733,Pending,Closed
A13359,Priya,38,Other,Loan,198783,-4814,debit,2023-01-26,Bangalore,SBI002,Rejected,726,Pending,Closed
A10079,Sara,55,Other,Savings,114145,-2068,debit,2023-12-14,Mumbai,HDFC001,Rejected,334,Pending,Inactive
A10083,Ravi,40,Other,Current,71458,-36023,debit,2021-10-09,Delhi,ICICI003,Rejected,647,Rejected,Inactive
A12831,Priya,33,Female,Loan,8092,26185,credit,2021-07-10,Delhi,Unknown,Rejected,329,Rejected,Inactive
A12867,John,47,Female,Unknown,3993,27459,credit,2023-09-09,Unknown,SBI002,Rejected,888,Pending,Inactive
A13468,Priya,24,Other,Unknown,90301,37431,credit,2023-04-03,Unknown,HDFC001,Rejected,340,Rejected,Inactive
A12733,Amit,59,Female,Current,-1963,-13687,debit,2021-10-25,Mumbai,ICICI003,Rejected,653,Rejected,Inactive
A11034,Amit,38,Other,Unknown,177735,16014,credit,2021-10-16,Delhi,AXIS004,Rejected,307,Rejected,Inactive
A11524,Neha,32,Other,Current,165462,-14657,debit,2023-05-29,Chennai,Unknown,Rejected,725,Pending,Inactive
A11641,Amit,25,Female,Current,137407,18045,credit,2022-06-06,Delhi,AXIS004,Rejected,836,Pending,Inactive
A10848,Amit,19,Other,Unknown,21961,-16245,debit,2022-10-02,Unknown,HDFC001,Pending,844,Pending,Closed
A13142,Ravi,38,Female,Unknown,24830,45042,credit,2024-06-15,Chennai,HDFC001,Rejected,624,Rejected,Inactive
A12069,Amit,63,Male,Credit,86880,-11709,debit,2024-12-20,Unknown,SBI002,Rejected,627,Pending,Closed
A11731,John,23,Female,Unknown,85078,15931,credit,2025-05-27,Unknown,Unknown,Rejected,798,Pending,Inactive
A11360,Neha,30,Other,Loan,74872,-13473,debit,2024-08-30,Unknown,SBI002,Rejected,705,Rejected,Inactive
A11344,Ravi,22,Male,Credit,134517,-19754,debit,2021-11-02,Delhi,AXIS004,Rejected,857,Pending,Inactive
A11153,Amit,21,Other,Unknown,67439,6817,credit,2021-04-19,Delhi,AXIS004,Rejected,455,Rejected,Inactive
A11842,John,39,Other,Loan,153475,43045,credit,2025-10-10,Pune,SBI002,Pending,308,Pending,Active
A12912,Priya,23,Female,Loan,115632,-5922,debit,2023-03-12,Unknown,HDFC001,Rejected,617,Rejected,Dormant
A10363,Ravi,34,Female,Current,21120,-16729,debit,2021-03-30,Pune,AXIS004,Rejected,394,Pending,Inactive
A11019,Ravi,31,Female,Credit,118612,5897,credit,2025-12-12,Chennai,AXIS004,Approved,815,Verified,Active
A10466,Neha,41,Female,Current,95990,49732,credit,2023-03-04,Bangalore,Unknown,Rejected,368,Pending,Inactive
A12386,Ravi,58,Male,Current,47019,-14367,debit,2022-08-22,Bangalore,SBI002,Pending,481,Verified,Active
A10697,John,55,Female,Loan,41327,16986,credit,2023-01-09,Delhi,Unknown,Rejected,578,Pending,Inactive
A13478,Neha,58,Other,Loan,183452,-37127,debit,2022-07-21,Delhi,Unknown,Rejected,801,Rejected,Closed
A10911,John,66,Female,Loan,7283,17446,credit,2022-08-31,Bangalore,Unknown,Approved,334,Verified,Dormant
A13399,John,39,Female,Credit,100766,14104,credit,2025-11-30,Unknown,Unknown,Rejected,359,Pending,Inactive
A11307,John,20,Female,Credit,112315,30258,credit,2022-05-14,Chennai,AXIS004,Pending,589,Pending,Active
A12264,John,18,Other,Credit,59704,18022,credit,2025-05-06,Unknown,AXIS004,Rejected,610,Pending,Closed
A10313,Ravi,61,Male,Unknown,32781,-13007,debit,2025-05-12,Chennai,AXIS004,Rejected,785,Pending,Inactive
A12874,Sara,66,Female,Current,178604,35658,credit,2025-08-03,Mumbai,HDFC001,Rejected,845,Rejected,Dormant
A12264,John,18,Other,Credit,107460,15617,credit,2022-07-18,Unknown,AXIS004,Approved,758,Verified,Active
A11996,Unknown,27,Male,Current,111906,47043,credit,2022-10-26,Unknown,ICICI003,Approved,817,Verified,Active
A12317,Sara,33,Female,Savings,124414,-31194,debit,2023-03-23,Pune,ICICI003,Approved,423,Verified,Active
A11938,John,32,Female,Unknown,29816,-18617,debit,2024-04-23,Bangalore,AXIS004,Rejected,779,Rejected,Inactive
A10078,Ravi,62,Other,Current,160976,-16520,debit,2022-01-23,Bangalore,SBI002,Rejected,418,Rejected,Inactive
A11812,Amit,71,Female,Savings,88196,29204,credit,2023-08-26,Bangalore,AXIS004,Rejected,534,Pending,Inactive
A11607,Ravi,22,Male,Credit,68783,45614,credit,2022-06-06,Bangalore,Unknown,Rejected,487,Rejected,Inactive
A11719,Ravi,46,Other,Current,150967,8343,credit,2021-05-19,Mumbai,ICICI003,Approved,711,Verified,Dormant
A13372,John,35,Other,Loan,160435,26742,credit,2024-07-05,Unknown,AXIS004,Approved,304,Verified,Dormant
A12283,John,45,Other,Credit,174572,212,credit,2024-11-29,Bangalore,ICICI003,Rejected,349,Rejected,Inactive
A13317,Priya,18,Other,Savings,152386,-12795,debit,2024-05-19,Chennai,Unknown,Rejected,805,Pending,Inactive
A13163,Neha,24,Female,Credit,68394,1116,credit,2022-10-01,Bangalore,Unknown,Rejected,567,Pending,Inactive
A12092,Sara,59,Male,Savings,172742,19294,credit,2024-08-18,Unknown,HDFC001,Rejected,848,Pending,Inactive
A12045,Ravi,49,Other,Unknown,101272,42254,credit,2021-10-21,Bangalore,Unknown,Approved,857,Verified,Active
A11623,Neha,31,Other,Unknown,22867,44531,credit,2021-01-24,Mumbai,Unknown,Rejected,452,Rejected,Inactive
A11995,Neha,34,Other,Unknown,145463,48648,credit,2025-01-10,Mumbai,HDFC001,Rejected,347,Rejected,Inactive
A11613,Amit,22,Female,Current,109463,-3349,debit,2021-09-06,Unknown,AXIS004,Rejected,577,Pending,Inactive
A10510,Sara,64,Female,Credit,184516,6060,credit,2023-07-30,Unknown,HDFC001,Rejected,356,Pending,Inactive
A13485,Sara,31,Other,Credit,56763,49003,credit,2025-06-29,Delhi,HDFC001,Approved,556,Verified,Dormant
A11631,John,40,Female,Credit,87208,-36577,debit,2022-03-18,Unknown,Unknown,Rejected,458,Pending,Inactive
A10110,John,35,Other,Current,143282,9508,credit,2021-12-13,Unknown,AXIS004,Pending,510,Pending,Active
A10540,Neha,24,Female,Savings,145976,7502,credit,2025-04-30,Delhi,Unknown,Rejected,871,Rejected,Inactive
A11729,Neha,19,Male,Current,1922,-5550,debit,2022-01-17,Bangalore,HDFC001,Rejected,411,Rejected,Inactive
A12097,John,43,Male,Savings,135573,36031,credit,2022-03-06,Delhi,AXIS004,Rejected,702,Pending,Closed
A10945,John,52,Male,Credit,93977,41742,credit,2022-10-23,Mumbai,AXIS004,Rejected,633,Pending,Closed
A12391,Priya,26,Female,Unknown,33375,21844,credit,2023-12-10,Mumbai,ICICI003,Rejected,564,Rejected,Inactive
A13113,Amit,60,Female,Savings,40979,43316,credit,2021-11-23,Bangalore,HDFC001,Rejected,854,Pending,Inactive
A11498,John,19,Other,Current,118413,41861,credit,2024-08-24,Unknown,Unknown,Rejected,374,Pending,Inactive
A11776,Ravi,35,Other,Savings,31190,49430,credit,2024-05-06,Bangalore,Unknown,Rejected,348,Rejected,Inactive
A11218,Amit,21,Female,Current,60401,2047,credit,2021-05-22,Chennai,AXIS004,Approved,852,Verified,Active
A12991,John,36,Other,Credit,32361,-16133,debit,2024-11-12,Chennai,Unknown,Rejected,841,Pending,Inactive
A12321,Amit,20,Other,Unknown,89185,2581,credit,2021-04-07,Unknown,AXIS004,Rejected,326,Rejected,Inactive
A13092,Sara,47,Other,Savings,41567,-10889,debit,2021-02-23,Bangalore,HDFC001,Rejected,517,Rejected,Inactive
A12726,Amit,51,Female,Credit,79119,-22691,debit,2021-10-12,Bangalore,Unknown,Rejected,593,Rejected,Inactive
A11344,Ravi,22,Male,Credit,182811,15999,credit,2023-03-29,Delhi,AXIS004,Rejected,720,Pending,Closed
A10236,Amit,18,Other,Unknown,1454,-42023,debit,2022-05-27,Chennai,AXIS004,Rejected,444,Pending,Inactive
A10662,Amit,48,Female,Unknown,155179,14118,credit,2021-06-02,Chennai,Unknown,Rejected,500,Pending,Inactive
A12127,Amit,33,Other,Unknown,45098,-2830,debit,2025-01-08,Bangalore,Unknown,Rejected,760,Pending,Inactive
A12122,Priya,62,Male,Savings,45456,17736,credit,2021-11-15,Unknown,AXIS004,Rejected,561,Rejected,Active
A11186,Amit,33,Other,Loan,186770,21060,credit,2021-11-12,Bangalore,Unknown,Rejected,465,Rejected,Inactive
A12726,Amit,51,Female,Credit,23750,-15006,debit,2022-07-12,Bangalore,Unknown,Rejected,815,Rejected,Inactive
A13062,Sara,22,Other,Loan,11334,-13404,debit,2025-12-25,Pune,ICICI003,Rejected,678,Pending,Inactive
A11685,Amit,37,Female,Credit,-781,-38172,debit,2025-02-18,Chennai,Unknown,Rejected,655,Pending,Inactive
A10373,Amit,28,Other,Unknown,82508,-26001,debit,2025-07-25,Bangalore,Unknown,Rejected,662,Rejected,Closed
A13232,Neha,70,Male,Credit,-4058,49438,credit,2022-07-12,Pune,Unknown,Approved,712,Verified,Dormant
A12474,Amit,18,Other,Savings,109470,-33065,debit,2024-06-03,Unknown,ICICI003,Rejected,865,Pending,Inactive
A11407,John,21,Other,Credit,571,5003,credit,2024-10-17,Unknown,AXIS004,Pending,530,Pending,Active
A13372,John,35,Other,Loan,139271,19173,credit,2023-06-12,Unknown,AXIS004,Approved,408,Verified,Dormant
A10611,Priya,67,Other,Unknown,128399,-31840,debit,2022-06-16,Chennai,Unknown,Approved,452,Verified,Active
A11833,Neha,57,Other,Current,169334,-738,debit,2025-10-08,Unknown,SBI002,Pending,483,Pending,Active
A12809,John,58,Female,Loan,37173,12629,credit,2023-11-24,Delhi,SBI002,Pending,665,Pending,Dormant
A12919,John,36,Other,Credit,119120,-129,debit,2023-12-16,Bangalore,HDFC001,Approved,857,Verified,Active
A11787,Neha,23,Other,Credit,192585,49060,credit,2022-07-18,Delhi,SBI002,Pending,878,Pending,Dormant
A12352,Amit,45,Other,Unknown,75734,-1240,debit,2021-10-29,Chennai,Unknown,Pending,350,Pending,Inactive
A11407,John,21,Other,Credit,166985,-12408,debit,2025-07-13,Unknown,AXIS004,Rejected,710,Rejected,Closed
A11674,Ravi,18,Male,Credit,106761,-20655,debit,2023-01-30,Pune,AXIS004,Pending,631,Verified,Active
A11348,Ravi,37,Other,Current,79282,-19372,debit,2024-03-04,Unknown,AXIS004,Rejected,342,Pending,Inactive
A11297,Amit,46,Female,Unknown,120606,7050,credit,2023-05-11,Unknown,AXIS004,Approved,389,Verified,Active
A12819,Priya,43,Male,Current,-3541,-17011,debit,2022-07-31,Bangalore,SBI002,Rejected,856,Pending,Inactive
A11630,John,24,Other,Current,171208,-39975,debit,2022-11-25,Unknown,HDFC001,Rejected,484,Rejected,Inactive
A10471,Ravi,47,Other,Loan,179367,19158,credit,2025-09-06,Chennai,AXIS004,Rejected,404,Pending,Inactive
A12333,Priya,19,Other,Credit,125437,-13073,debit,2024-06-13,Bangalore,ICICI003,Pending,875,Pending,Dormant
A10614,Priya,26,Female,Savings,110906,40590,credit,2021-07-20,Bangalore,Unknown,Rejected,371,Pending,Inactive
A11659,Amit,20,Female,Credit,65414,-49129,debit,2025-09-29,Chennai,HDFC001,Rejected,305,Rejected,Inactive
A13230,Amit,34,Other,Unknown,149341,-7744,debit,2022-09-27,Chennai,Unknown,Pending,751,Pending,Dormant
A11227,Neha,22,Male,Current,62008,-8047,debit,2021-07-21,Unknown,Unknown,Rejected,572,Pending,Inactive
A10450,Priya,24,Female,Savings,8853,-18928,debit,2024-05-08,Unknown,SBI002,Approved,832,Verified,Active
A13388,John,18,Male,Current,156684,-7659,debit,2025-04-23,Chennai,ICICI003,Rejected,751,Pending,Inactive
A12695,Ravi,47,Other,Loan,186429,3078,credit,2025-10-16,Pune,Unknown,Pending,678,Verified,Active
A12739,Unknown,68,Female,Savings,181627,-8387,debit,2024-08-26,Unknown,ICICI003,Pending,457,Pending,Active
A12292,John,19,Other,Loan,90220,-5737,debit,2023-09-27,Chennai,AXIS004,Rejected,679,Pending,Active
A12633,Neha,34,Female,Unknown,196989,-18769,debit,2024-11-27,Unknown,HDFC001,Pending,319,Pending,Dormant
A11984,Amit,20,Other,Loan,157198,28446,credit,2021-02-05,Mumbai,ICICI003,Rejected,679,Rejected,Inactive
A12032,John,20,Female,Current,135355,-8809,debit,2023-05-09,Pune,Unknown,Rejected,468,Rejected,Inactive
A10401,Sara,60,Female,Savings,55172,10216,credit,2021-06-19,Bangalore,Unknown,Rejected,460,Rejected,Inactive
A11704,Amit,67,Female,Unknown,139236,1175,credit,2021-03-06,Chennai,ICICI003,Rejected,437,Rejected,Inactive
A10243,Amit,39,Female,Credit,13592,19124,credit,2025-07-25,Delhi,HDFC001,Rejected,733,Rejected,Dormant
A12581,Amit,23,Other,Savings,189598,-18603,debit,2023-05-14,Delhi,Unknown,Rejected,489,Rejected,Inactive
A11630,John,24,Other,Current,90868,32006,credit,2023-05-19,Unknown,HDFC001,Approved,535,Verified,Active
A11946,Ravi,39,Other,Credit,30800,-41444,debit,2024-03-31,Mumbai,SBI002,Rejected,713,Pending,Closed
A13215,Sara,26,Other,Loan,158550,-206,debit,2025-01-18,Delhi,Unknown,Rejected,479,Pending,Inactive
A12800,Sara,26,Other,Savings,186348,18816,credit,2021-12-28,Bangalore,HDFC001,Rejected,367,Pending,Inactive
A11809,Amit,20,Other,Current,11510,44977,credit,2022-08-13,Chennai,HDFC001,Rejected,543,Pending,Inactive
A12314,Neha,23,Other,Savings,118786,3813,credit,2025-08-25,Mumbai,ICICI003,Rejected,615,Pending,Dormant
A11681,Neha,47,Other,Unknown,69196,5221,credit,2021-11-16,Bangalore,AXIS004,Rejected,878,Pending,Inactive
A12179,Unknown,71,Other,Credit,151107,16403,credit,2021-10-08,Bangalore,HDFC001,Rejected,359,Pending,Inactive
A13047,Unknown,18,Other,Savings,194294,28750,credit,2025-11-02,Pune,SBI002,Rejected,401,Rejected,Inactive
A10797,Amit,26,Other,Unknown,6346,-23848,debit,2021-08-15,Unknown,AXIS004,Rejected,708,Pending,Closed
A13267,John,69,Other,Unknown,66758,-16505,debit,2024-05-21,Pune,Unknown,Rejected,656,Pending,Dormant
A12503,John,24,Other,Unknown,125423,-21631,debit,2024-03-14,Chennai,Unknown,Rejected,329,Rejected,Inactive
A10464,Sara,32,Female,Savings,72751,36502,credit,2022-02-03,Pune,HDFC001,Pending,650,Verified,Active
A12274,John,52,Other,Unknown,52983,-16968,debit,2025-10-15,Bangalore,Unknown,Rejected,636,Rejected,Inactive
A10445,Neha,46,Female,Loan,100971,-18883,debit,2022-06-09,Bangalore,Unknown,Rejected,691,Pending,Closed
A11882,Neha,34,Other,Loan,180801,-46866,debit,2025-08-12,Unknown,Unknown,Approved,869,Verified,Active
A11124,John,46,Other,Unknown,176539,8359,credit,2021-09-30,Bangalore,AXIS004,Rejected,797,Pending,Inactive
A12182,Amit,47,Male,Credit,191543,-16191,debit,2022-05-16,Unknown,HDFC001,Approved,523,Verified,Dormant
A10032,Neha,70,Other,Unknown,70255,-20836,debit,2021-04-20,Delhi,HDFC001,Rejected,822,Rejected,Inactive
A13153,Neha,36,Female,Unknown,165067,20584,credit,2021-12-15,Pune,HDFC001,Pending,693,Verified,Active
A11655,Amit,47,Female,Credit,181170,-21995,debit,2023-02-06,Mumbai,Unknown,Rejected,468,Rejected,Inactive
A12422,Amit,74,Male,Loan,56120,-13593,debit,2022-02-03,Chennai,Unknown,Rejected,331,Rejected,Inactive
A11781,Neha,55,Other,Savings,91918,16815,credit,2025-08-29,Mumbai,ICICI003,Rejected,434,Rejected,Inactive
A12341,Amit,21,Other,Unknown,95326,9963,credit,2025-12-07,Chennai,HDFC001,Rejected,315,Rejected,Inactive
A12679,Ravi,26,Other,Unknown,87587,40813,credit,2023-12-21,Chennai,HDFC001,Rejected,416,Rejected,Inactive
A11307,John,20,Female,Credit,7158,-48100,debit,2024-02-07,Chennai,AXIS004,Rejected,523,Rejected,Inactive
A11075,John,59,Other,Unknown,116800,-24712,debit,2022-04-30,Chennai,HDFC001,Rejected,858,Pending,Inactive
A11614,Amit,31,Other,Unknown,68931,29573,credit,2023-11-13,Pune,Unknown,Approved,532,Verified,Dormant
A11622,Neha,50,Other,Savings,135381,46248,credit,2022-12-28,Mumbai,ICICI003,Rejected,893,Pending,Inactive
A11631,John,40,Female,Credit,178964,6106,credit,2024-03-04,Unknown,Unknown,Rejected,622,Pending,Closed
A12056,Ravi,46,Male,Savings,6956,-26320,debit,2022-05-11,Unknown,Unknown,Rejected,348,Verified,Active
A13384,Sara,32,Other,Savings,15608,10128,credit,2022-08-06,Unknown,HDFC001,Rejected,789,Pending,Inactive
A12845,Amit,43,Female,Loan,138297,12457,credit,2024-03-14,Bangalore,Unknown,Rejected,471,Rejected,Inactive
A12716,Unknown,52,Other,Savings,191689,-14557,debit,2023-08-28,Chennai,HDFC001,Rejected,852,Rejected,Inactive
A12015,Sara,55,Male,Savings,2180,-34867,debit,2021-11-09,Unknown,HDFC001,Pending,784,Verified,Dormant
A11442,Amit,19,Female,Current,16548,7670,credit,2025-07-12,Delhi,ICICI003,Rejected,386,Rejected,Inactive
A10186,Sara,21,Other,Current,166999,19254,credit,2025-06-25,Bangalore,HDFC001,Rejected,873,Verified,Closed
A11919,Priya,31,Female,Current,84779,10063,credit,2025-05-25,Delhi,ICICI003,Pending,709,Pending,Inactive
A11500,Neha,36,Other,Credit,118146,48419,credit,2021-10-20,Chennai,SBI002,Rejected,370,Rejected,Inactive
A12159,Amit,35,Other,Current,174900,-8045,debit,2025-04-19,Pune,Unknown,Approved,795,Verified,Active
A11595,John,52,Other,Loan,49889,18455,credit,2023-11-12,Chennai,HDFC001,Rejected,413,Pending,Inactive
A10247,Amit,52,Other,Savings,28853,-39578,debit,2022-05-11,Bangalore,Unknown,Rejected,448,Verified,Active
A11004,Amit,37,Female,Loan,143914,-12775,debit,2023-04-07,Bangalore,Unknown,Rejected,818,Pending,Inactive
A11031,Unknown,68,Male,Unknown,100914,-20354,debit,2021-09-11,Pune,SBI002,Pending,817,Verified,Active
A12956,Sara,22,Other,Credit,-1299,-16225,debit,2025-02-07,Unknown,Unknown,Pending,838,Pending,Closed
A11312,Amit,28,Other,Unknown,75762,2508,credit,2025-05-14,Unknown,AXIS004,Rejected,870,Pending,Inactive
A10747,Neha,39,Other,Credit,71908,16011,credit,2021-07-21,Unknown,AXIS004,Approved,797,Verified,Active
A10075,John,21,Other,Credit,181771,46673,credit,2023-04-12,Unknown,HDFC001,Rejected,643,Rejected,Inactive
A13293,Neha,64,Other,Loan,189278,21348,credit,2025-10-03,Unknown,ICICI003,Rejected,839,Pending,Inactive
A11064,Ravi,52,Female,Current,38209,-10377,debit,2024-09-10,Pune,SBI002,Rejected,421,Pending,Inactive
A11024,John,37,Female,Credit,7045,-32541,debit,2024-03-03,Unknown,HDFC001,Rejected,837,Rejected,Inactive
A10212,Amit,44,Other,Unknown,116422,-27807,debit,2024-12-18,Bangalore,AXIS004,Approved,517,Verified,Active
A11133,John,26,Other,Credit,-2115,11443,credit,2022-10-06,Chennai,AXIS004,Rejected,614,Rejected,Closed
A12652,Sara,59,Male,Credit,99691,9475,credit,2021-10-28,Chennai,AXIS004,Pending,492,Pending,Active
A13277,Priya,32,Female,Credit,57705,14421,credit,2025-08-08,Chennai,Unknown,Rejected,638,Pending,Active
A11189,Priya,53,Female,Credit,25906,-17570,debit,2021-05-04,Mumbai,ICICI003,Approved,526,Verified,Active
A12479,John,22,Male,Unknown,80620,21907,credit,2022-11-06,Chennai,AXIS004,Approved,821,Verified,Active
A10573,Amit,23,Other,Unknown,35659,37426,credit,2025-04-17,Unknown,AXIS004,Rejected,774,Rejected,Dormant
A10103,Neha,25,Other,Unknown,169763,6072,credit,2024-06-24,Unknown,Unknown,Rejected,709,Pending,Inactive
A11970,Amit,34,Other,Credit,53492,7425,credit,2024-09-15,Delhi,Unknown,Approved,558,Verified,Active
A10580,Ravi,35,Other,Credit,182489,31985,credit,2022-03-08,Pune,SBI002,Rejected,484,Pending,Inactive
A10494,John,23,Other,Unknown,53148,4275,credit,2022-02-25,Unknown,AXIS004,Rejected,852,Rejected,Inactive
A13020,Ravi,67,Male,Savings,61924,31247,credit,2024-12-09,Unknown,AXIS004,Rejected,843,Pending,Inactive
A10887,Amit,29,Female,Current,72539,-5187,debit,2025-08-01,Unknown,Unknown,Pending,766,Verified,Dormant
A11156,Priya,40,Other,Credit,83948,274,credit,2024-12-17,Unknown,AXIS004,Rejected,683,Pending,Inactive
A12665,Amit,19,Female,Credit,69398,-31381,debit,2025-08-24,Bangalore,Unknown,Rejected,472,Rejected,Inactive
A12596,Priya,66,Female,Current,108912,16831,credit,2022-05-30,Bangalore,ICICI003,Rejected,376,Pending,Inactive
A10336,Priya,40,Other,Credit,30579,26791,credit,2023-08-12,Unknown,Unknown,Rejected,855,Rejected,Closed
A12514,Unknown,22,Male,Unknown,31211,-10197,debit,2025-03-28,Unknown,Unknown,Rejected,667,Pending,Active
A10165,Neha,49,Other,Unknown,15073,-37795,debit,2025-11-10,Unknown,AXIS004,Pending,536,Pending,Closed
A10734,Amit,25,Female,Current,101849,-19994,debit,2023-04-03,Mumbai,Unknown,Rejected,806,Rejected,Active
A10373,Amit,28,Other,Unknown,59011,-38689,debit,2021-09-01,Bangalore,Unknown,Rejected,734,Pending,Dormant
A11518,Neha,35,Other,Savings,-2135,17986,credit,2021-12-11,Unknown,AXIS004,Rejected,754,Pending,Inactive
A13363,Priya,57,Other,Unknown,43682,2759,credit,2024-05-25,Mumbai,ICICI003,Rejected,346,Pending,Inactive
A11968,Ravi,19,Female,Current,158077,38100,credit,2021-07-03,Delhi,ICICI003,Approved,756,Verified,Active
A11664,John,49,Other,Loan,157203,16726,credit,2023-07-27,Unknown,Unknown,Rejected,325,Pending,Inactive
A11585,Priya,53,Other,Credit,154406,48801,credit,2023-01-24,Unknown,AXIS004,Rejected,667,Verified,Closed
A13257,Unknown,67,Other,Current,58659,29340,credit,2025-08-19,Bangalore,Unknown,Rejected,424,Verified,Active
A10265,Neha,21,Male,Unknown,-3449,-19065,debit,2024-01-07,Bangalore,SBI002,Rejected,474,Rejected,Inactive
A12098,Priya,35,Other,Credit,53378,-13109,debit,2021-06-21,Bangalore,HDFC001,Rejected,520,Pending,Closed
A12785,Neha,43,Male,Unknown,146431,11509,credit,2024-11-08,Bangalore,Unknown,Rejected,370,Pending,Inactive
A11200,Priya,44,Other,Unknown,162438,17615,credit,2021-04-18,Unknown,HDFC001,Rejected,342,Rejected,Inactive
A10524,Priya,46,Male,Unknown,46792,16670,credit,2024-04-14,Unknown,AXIS004,Rejected,614,Pending,Dormant
A12547,Priya,36,Female,Current,54555,-12710,debit,2025-01-16,Chennai,HDFC001,Rejected,899,Rejected,Inactive
A11956,Neha,45,Other,Unknown,41218,-11768,debit,2021-10-02,Pune,AXIS004,Rejected,759,Pending,Inactive
A11123,Priya,43,Other,Unknown,-1794,-13444,debit,2025-01-17,Bangalore,Unknown,Pending,481,Pending,Inactive
A10358,Neha,41,Other,Credit,173715,13192,credit,2021-09-20,Mumbai,Unknown,Rejected,499,Verified,Dormant
A11060,Amit,53,Other,Current,-2199,13320,credit,2024-01-06,Bangalore,AXIS004,Rejected,721,Rejected,Active
A13358,Ravi,28,Female,Unknown,140647,13307,credit,2024-10-12,Unknown,ICICI003,Rejected,788,Pending,Inactive
A11650,John,31,Female,Credit,14190,42698,credit,2021-02-13,Delhi,Unknown,Pending,762,Verified,Dormant
A13219,Amit,29,Other,Unknown,62478,32849,credit,2022-12-16,Unknown,Unknown,Rejected,496,Rejected,Inactive
A13494,Ravi,31,Other,Unknown,49495,9910,credit,2025-05-03,Unknown,Unknown,Rejected,868,Rejected,Inactive
A10428,Amit,37,Female,Loan,131242,-13992,debit,2025-11-07,Unknown,Unknown,Rejected,424,Rejected,Inactive
A10035,John,19,Other,Unknown,52484,10057,credit,2023-10-17,Bangalore,HDFC001,Rejected,763,Rejected,Active
A10782,Amit,21,Other,Loan,188663,17171,credit,2021-08-15,Bangalore,SBI002,Rejected,601,Rejected,Inactive
A12077,Unknown,30,Female,Unknown,43569,-11303,debit,2024-08-06,Bangalore,AXIS004,Rejected,839,Rejected,Inactive
A10060,Neha,26,Other,Loan,194970,1520,credit,2024-05-20,Pune,Unknown,Rejected,568,Rejected,Inactive
A11016,Ravi,48,Other,Unknown,169065,-26844,debit,2024-11-27,Chennai,HDFC001,Pending,660,Pending,Active
A13409,Neha,28,Female,Credit,101794,30136,credit,2021-05-22,Bangalore,AXIS004,Pending,502,Pending,Dormant
A12883,Ravi,24,Female,Savings,158278,-11412,debit,2022-05-04,Delhi,SBI002,Rejected,464,Rejected,Inactive
A11821,Priya,56,Other,Unknown,195176,13904,credit,2023-12-14,Bangalore,ICICI003,Rejected,435,Pending,Dormant
A10155,Priya,49,Other,Credit,28457,-19851,debit,2022-02-06,Bangalore,Unknown,Rejected,602,Pending,Dormant
A13203,Ravi,32,Other,Unknown,54028,7044,credit,2022-03-23,Unknown,Unknown,Rejected,717,Pending,Active
A11057,Neha,61,Female,Unknown,159505,39573,credit,2021-07-01,Delhi,HDFC001,Rejected,593,Rejected,Inactive
A10435,Neha,49,Male,Credit,16264,-28893,debit,2025-02-19,Bangalore,ICICI003,Rejected,835,Rejected,Inactive
A11435,John,19,Male,Unknown,89450,-6946,debit,2021-05-10,Unknown,Unknown,Rejected,485,Rejected,Inactive
A13300,Amit,30,Other,Credit,151352,44138,credit,2024-05-11,Bangalore,Unknown,Rejected,608,Pending,Dormant
A10056,Neha,25,Male,Credit,61033,25476,credit,2025-08-03,Pune,ICICI003,Rejected,605,Rejected,Closed
A12325,Ravi,63,Other,Credit,154080,-9674,debit,2023-06-07,Chennai,Unknown,Rejected,632,Rejected,Inactive
A10679,John,46,Male,Unknown,110141,-17528,debit,2023-02-24,Bangalore,HDFC001,Rejected,649,Rejected,Closed
A13402,Unknown,36,Female,Loan,47576,-2392,debit,2022-11-19,Chennai,ICICI003,Rejected,457,Verified,Active
A12589,Neha,47,Other,Credit,94148,-14646,debit,2025-12-19,Bangalore,ICICI003,Approved,869,Verified,Active
A12289,John,26,Other,Credit,58964,-31933,debit,2022-02-08,Bangalore,Unknown,Rejected,344,Rejected,Inactive
A12973,Amit,37,Female,Unknown,127298,38388,credit,2025-06-20,Mumbai,Unknown,Rejected,470,Rejected,Inactive
A10957,Ravi,33,Male,Savings,78192,-17988,debit,2023-03-30,Chennai,HDFC001,Pending,526,Verified,Active
A11594,Priya,64,Female,Loan,117826,869,credit,2025-05-29,Bangalore,AXIS004,Pending,682,Pending,Active
A11816,Sara,19,Male,Current,123251,15060,credit,2025-08-29,Chennai,Unknown,Rejected,566,Rejected,Inactive
A10114,Sara,63,Female,Unknown,131506,-10057,debit,2022-03-06,Pune,ICICI003,Rejected,777,Rejected,Inactive
A13344,Amit,43,Male,Unknown,130066,-6237,debit,2023-05-05,Chennai,AXIS004,Rejected,443,Rejected,Inactive
A12496,Amit,24,Other,Credit,85244,24723,credit,2022-10-03,Unknown,Unknown,Rejected,324,Pending,Inactive
A12018,John,36,Other,Unknown,23660,8605,credit,2021-09-20,Bangalore,AXIS004,Rejected,475,Rejected,Inactive
A12683,Amit,22,Female,Credit,51059,19141,credit,2024-07-06,Bangalore,Unknown,Rejected,649,Pending,Closed
A12061,Ravi,57,Other,Loan,187197,36057,credit,2025-07-10,Mumbai,Unknown,Rejected,329,Rejected,Inactive
A10769,Ravi,66,Other,Loan,30924,49537,credit,2024-12-21,Delhi,AXIS004,Approved,805,Verified,Active
A10258,Sara,63,Other,Savings,155964,-12957,debit,2024-02-18,Pune,ICICI003,Rejected,383,Rejected,Inactive
A11858,Neha,40,Other,Unknown,81546,-22326,debit,2021-02-18,Unknown,Unknown,Rejected,727,Pending,Closed
A12195,Priya,45,Female,Current,158228,-29921,debit,2024-09-07,Chennai,Unknown,Rejected,734,Pending,Dormant
A12548,Amit,29,Male,Current,110643,-15867,debit,2021-06-27,Bangalore,Unknown,Pending,845,Verified,Active
A11484,Sara,62,Other,Current,192953,14908,credit,2025-06-12,Mumbai,ICICI003,Approved,351,Verified,Active
A11575,Ravi,56,Male,Unknown,5845,-481,debit,2022-08-23,Chennai,Unknown,Pending,454,Pending,Active
A11613,Amit,22,Female,Current,-4825,6185,credit,2024-01-31,Unknown,AXIS004,Rejected,642,Pending,Dormant
A12993,Neha,18,Other,Credit,29154,20735,credit,2022-06-24,Unknown,AXIS004,Pending,345,Pending,Inactive
A11306,Neha,23,Other,Current,78313,28917,credit,2024-01-22,Chennai,HDFC001,Rejected,408,Rejected,Active
A10371,Sara,40,Female,Credit,155965,27514,credit,2021-07-10,Pune,AXIS004,Rejected,391,Rejected,Inactive
A11164,Sara,23,Female,Loan,171539,40862,credit,2021-09-09,Chennai,Unknown,Rejected,505,Rejected,Inactive
A13313,Amit,41,Other,Credit,61498,25538,credit,2024-10-13,Unknown,AXIS004,Pending,568,Pending,Inactive
A10960,Unknown,24,Female,Current,124984,-6828,debit,2023-03-21,Chennai,ICICI003,Rejected,880,Pending,Inactive
A12305,Unknown,40,Other,Unknown,16892,-3894,debit,2023-01-22,Delhi,HDFC001,Approved,655,Verified,Dormant
A13492,Sara,41,Male,Loan,135107,29932,credit,2022-12-08,Mumbai,SBI002,Rejected,433,Pending,Inactive
A12336,John,19,Other,Unknown,4898,3228,credit,2023-08-06,Unknown,Unknown,Pending,384,Pending,Dormant
A11534,John,50,Other,Unknown,8788,-19842,debit,2022-07-31,Bangalore,Unknown,Approved,427,Verified,Active
A13356,Amit,57,Male,Current,125216,43531,credit,2023-05-19,Chennai,Unknown,Approved,831,Verified,Active
A12746,Ravi,44,Other,Loan,126845,-29599,debit,2021-07-12,Bangalore,Unknown,Rejected,433,Rejected,Inactive
A12754,Unknown,49,Female,Loan,198876,-37269,debit,2023-10-13,Pune,Unknown,Pending,513,Pending,Closed
A12780,Unknown,37,Other,Credit,120379,8381,credit,2022-06-22,Bangalore,HDFC001,Rejected,630,Rejected,Inactive
A11089,Priya,43,Male,Savings,134799,-2031,debit,2023-11-18,Mumbai,ICICI003,Rejected,378,Rejected,Inactive
A11229,Neha,26,Male,Loan,44309,5795,credit,2024-01-30,Chennai,AXIS004,Approved,351,Verified,Active
A12387,Amit,25,Female,Unknown,99308,-1576,debit,2024-04-15,Delhi,HDFC001,Rejected,588,Pending,Inactive
A12607,Amit,29,Female,Loan,76757,-3129,debit,2021-11-18,Unknown,Unknown,Rejected,552,Pending,Dormant
A12641,Ravi,45,Female,Loan,138650,15232,credit,2023-01-31,Unknown,ICICI003,Rejected,601,Pending,Active
A10420,Unknown,73,Male,Loan,115535,12563,credit,2025-03-24,Unknown,HDFC001,Rejected,313,Rejected,Inactive
A13271,Amit,35,Other,Credit,7326,11364,credit,2023-05-16,Unknown,AXIS004,Rejected,786,Pending,Inactive
A11333,Neha,58,Other,Unknown,154155,47562,credit,2022-10-31,Unknown,ICICI003,Pending,802,Pending,Closed
A11734,Amit,25,Other,Unknown,72291,19637,credit,2025-08-28,Bangalore,AXIS004,Pending,565,Pending,Active
A10649,Neha,18,Female,Loan,107224,-1981,debit,2025-11-09,Mumbai,HDFC001,Rejected,478,Verified,Dormant
A12834,Neha,29,Male,Current,2495,10947,credit,2024-12-17,Mumbai,Unknown,Rejected,533,Rejected,Inactive
A11181,Ravi,33,Female,Unknown,35016,-25563,debit,2022-09-09,Bangalore,Unknown,Pending,457,Pending,Dormant
A10693,Amit,53,Other,Unknown,107046,148,credit,2022-07-28,Unknown,Unknown,Rejected,347,Rejected,Inactive
A13004,John,30,Other,Credit,58793,-10442,debit,2021-02-07,Chennai,HDFC001,Rejected,315,Rejected,Inactive
A10554,Neha,26,Other,Credit,138536,8819,credit,2021-04-10,Unknown,AXIS004,Rejected,338,Pending,Inactive
A12514,Unknown,22,Male,Unknown,199686,46251,credit,2022-04-11,Unknown,Unknown,Rejected,432,Pending,Inactive
A12690,Neha,28,Other,Current,81084,-11061,debit,2024-04-26,Delhi,ICICI003,Pending,506,Pending,Dormant
A12845,Amit,43,Female,Loan,-1994,-43637,debit,2021-04-01,Bangalore,Unknown,Rejected,515,Rejected,Inactive
A12449,Amit,53,Other,Unknown,59667,26492,credit,2025-05-09,Unknown,HDFC001,Rejected,707,Pending,Inactive
A12083,Priya,27,Female,Loan,71029,639,credit,2022-07-17,Bangalore,Unknown,Rejected,831,Pending,Inactive
A12936,Ravi,72,Other,Unknown,30756,33766,credit,2021-11-16,Mumbai,HDFC001,Approved,560,Verified,Active
A13347,Ravi,38,Female,Savings,116924,-18182,debit,2021-09-27,Chennai,SBI002,Rejected,734,Rejected,Closed
A10355,Neha,22,Other,Unknown,147710,-15463,debit,2022-06-27,Pune,ICICI003,Rejected,544,Rejected,Dormant
A12925,Amit,57,Female,Credit,119411,31677,credit,2021-03-25,Delhi,Unknown,Rejected,767,Pending,Inactive
A11720,Neha,34,Other,Loan,113936,24563,credit,2024-07-24,Unknown,AXIS004,Rejected,530,Pending,Inactive
A11730,Priya,36,Male,Unknown,192940,-5579,debit,2024-08-19,Delhi,HDFC001,Rejected,604,Pending,Active
A12836,Ravi,64,Other,Current,9895,-2699,debit,2023-11-03,Bangalore,HDFC001,Approved,494,Verified,Active
A13203,Ravi,32,Other,Unknown,99240,-4524,debit,2024-08-17,Unknown,Unknown,Rejected,542,Pending,Inactive
A10081,Neha,19,Other,Current,45039,-32238,debit,2025-06-30,Unknown,Unknown,Rejected,404,Pending,Inactive
A12988,Neha,64,Other,Current,174359,6478,credit,2022-05-25,Bangalore,AXIS004,Rejected,835,Pending,Inactive
A12086,John,43,Other,Unknown,129680,-14168,debit,2023-10-09,Chennai,AXIS004,Rejected,484,Rejected,Inactive
A13114,Amit,18,Other,Loan,144231,-45445,debit,2021-07-08,Delhi,AXIS004,Rejected,618,Pending,Closed
A13018,John,66,Female,Loan,134702,-12591,debit,2024-06-24,Unknown,SBI002,Rejected,624,Rejected,Inactive
A10549,Amit,48,Female,Unknown,42526,-11959,debit,2021-10-29,Bangalore,SBI002,Rejected,511,Rejected,Inactive
A10362,John,21,Other,Unknown,2144,2033,credit,2022-06-17,Unknown,HDFC001,Rejected,323,Rejected,Inactive
A10552,Neha,28,Other,Unknown,18994,-24178,debit,2021-11-15,Mumbai,Unknown,Rejected,700,Rejected,Inactive
A11903,Neha,39,Male,Unknown,142771,-13972,debit,2022-08-27,Unknown,HDFC001,Pending,371,Pending,Active
A11668,Neha,39,Other,Credit,74261,16575,credit,2024-12-02,Chennai,Unknown,Rejected,832,Rejected,Inactive
A11459,John,57,Other,Current,135410,24591,credit,2024-04-01,Bangalore,AXIS004,Rejected,541,Rejected,Inactive
A12454,Unknown,64,Female,Credit,174812,-1061,debit,2024-04-01,Chennai,Unknown,Approved,785,Verified,Active
A12725,Neha,51,Female,Unknown,37371,41532,credit,2023-09-05,Unknown,Unknown,Rejected,359,Rejected,Inactive
A12851,Amit,18,Other,Savings,41978,17741,credit,2025-05-18,Unknown,AXIS004,Pending,403,Pending,Active
A10542,Unknown,51,Other,Loan,43001,599,credit,2022-05-02,Unknown,ICICI003,Rejected,676,Rejected,Active
A11799,Amit,19,Other,Credit,-4822,-40062,debit,2021-12-15,Bangalore,AXIS004,Rejected,512,Rejected,Inactive
A13032,Ravi,30,Male,Unknown,135686,46241,credit,2021-03-06,Pune,AXIS004,Rejected,664,Rejected,Inactive
A11624,Amit,34,Male,Credit,133231,-4878,debit,2025-01-08,Mumbai,Unknown,Rejected,776,Rejected,Inactive
A10239,Neha,20,Male,Unknown,94558,25756,credit,2023-04-07,Mumbai,ICICI003,Rejected,722,Pending,Active
A11935,Amit,43,Other,Savings,25877,-5379,debit,2023-10-15,Chennai,AXIS004,Rejected,553,Rejected,Inactive
A12442,Amit,21,Other,Credit,93277,-5167,debit,2024-06-14,Bangalore,AXIS004,Pending,823,Verified,Active
A13219,Amit,29,Other,Unknown,196445,20958,credit,2022-03-12,Unknown,Unknown,Pending,842,Verified,Active
A12893,John,29,Other,Credit,117301,7857,credit,2022-02-28,Bangalore,ICICI003,Rejected,639,Rejected,Inactive
A12023,Neha,18,Female,Unknown,135952,19913,credit,2023-04-28,Bangalore,Unknown,Approved,872,Verified,Active
A11848,Unknown,59,Male,Credit,135951,39,credit,2024-10-11,Unknown,Unknown,Rejected,788,Pending,Inactive
A12021,Amit,20,Other,Credit,36432,-16087,debit,2024-07-15,Bangalore,Unknown,Approved,775,Verified,Active
A11938,John,32,Female,Unknown,88992,44334,credit,2025-04-08,Bangalore,AXIS004,Rejected,484,Rejected,Inactive
A10060,Neha,26,Other,Loan,140284,32809,credit,2022-03-21,Pune,Unknown,Rejected,781,Rejected,Inactive
A10024,Neha,31,Female,Credit,35846,48116,credit,2024-08-29,Chennai,HDFC001,Rejected,400,Rejected,Active
A10160,Amit,40,Female,Credit,59642,29104,credit,2024-07-17,Chennai,Unknown,Rejected,692,Pending,Inactive
A13436,Amit,70,Male,Current,170018,14420,credit,2024-07-02,Unknown,HDFC001,Rejected,571,Rejected,Inactive
A13367,Amit,38,Female,Unknown,150252,-44015,debit,2024-11-05,Unknown,Unknown,Rejected,547,Pending,Inactive
A12932,Unknown,48,Other,Credit,49747,49649,credit,2023-12-02,Pune,SBI002,Rejected,861,Rejected,Active
A13176,Unknown,28,Male,Unknown,90567,15187,credit,2025-02-18,Unknown,AXIS004,Rejected,474,Rejected,Inactive
A11406,Unknown,21,Other,Loan,173647,-11059,debit,2021-09-05,Mumbai,ICICI003,Rejected,604,Pending,Dormant
A10367,Amit,25,Other,Credit,147467,2376,credit,2022-01-28,Chennai,Unknown,Rejected,509,Rejected,Closed
A10116,John,27,Other,Unknown,111585,9794,credit,2024-06-09,Chennai,ICICI003,Rejected,605,Pending,Active
A12020,Ravi,50,Male,Credit,185872,24637,credit,2025-02-19,Bangalore,AXIS004,Approved,766,Verified,Active
A12026,Neha,31,Female,Credit,43489,37175,credit,2022-06-22,Delhi,HDFC001,Rejected,527,Pending,Inactive
A10016,Sara,67,Male,Credit,100590,4931,credit,2023-07-18,Delhi,HDFC001,Rejected,827,Pending,Inactive
A10948,John,19,Female,Credit,40010,622,credit,2022-06-14,Bangalore,Unknown,Rejected,473,Rejected,Inactive
A12266,John,18,Female,Loan,175262,46839,credit,2022-12-27,Pune,HDFC001,Rejected,691,Rejected,Inactive
A12256,Neha,51,Other,Credit,111076,36468,credit,2021-12-31,Chennai,ICICI003,Rejected,372,Pending,Inactive
A10814,Amit,42,Other,Credit,144553,18339,credit,2022-12-08,Chennai,Unknown,Rejected,495,Rejected,Inactive
A13296,Neha,38,Female,Loan,153061,3233,credit,2021-01-13,Chennai,HDFC001,Rejected,463,Rejected,Active
A12654,Priya,54,Female,Unknown,133353,10448,credit,2022-04-30,Delhi,Unknown,Rejected,674,Pending,Inactive
A11876,Neha,59,Female,Savings,29592,-28941,debit,2025-12-10,Unknown,AXIS004,Rejected,666,Pending,Active
A10172,Ravi,44,Other,Current,90109,-1933,debit,2023-10-22,Pune,AXIS004,Rejected,860,Rejected,Inactive
A12643,Unknown,45,Female,Savings,168298,43897,credit,2024-05-04,Delhi,ICICI003,Rejected,406,Pending,Inactive
A11143,John,41,Female,Current,-1419,-2189,debit,2024-01-30,Pune,HDFC001,Rejected,306,Rejected,Inactive
A11591,John,44,Other,Loan,110894,23709,credit,2023-08-17,Chennai,HDFC001,Pending,430,Pending,Inactive
A11378,Sara,27,Male,Credit,5240,3803,credit,2024-02-16,Delhi,SBI002,Rejected,867,Pending,Inactive
A13483,Amit,24,Other,Credit,134450,405,credit,2022-05-22,Bangalore,Unknown,Rejected,300,Rejected,Dormant
A12349,Amit,21,Female,Credit,191147,-10835,debit,2025-11-21,Chennai,AXIS004,Rejected,748,Rejected,Closed
A13042,Priya,59,Other,Loan,146018,-15598,debit,2021-07-13,Pune,Unknown,Approved,665,Verified,Active
A11361,Sara,65,Male,Unknown,78902,-38999,debit,2024-09-13,Pune,HDFC001,Pending,789,Pending,Closed
A13483,Amit,24,Other,Credit,66278,-264,debit,2023-08-27,Bangalore,Unknown,Pending,487,Pending,Active
A10432,Priya,58,Other,Loan,58293,25207,credit,2023-09-16,Bangalore,SBI002,Approved,869,Verified,Active
A12007,John,27,Male,Credit,166614,-25973,debit,2024-08-09,Unknown,Unknown,Rejected,721,Pending,Dormant
A12910,Amit,26,Other,Savings,194244,12511,credit,2023-10-21,Pune,ICICI003,Rejected,656,Rejected,Inactive
A11413,Priya,55,Male,Unknown,60467,6338,credit,2025-02-14,Unknown,AXIS004,Rejected,823,Verified,Closed
A10377,Neha,54,Other,Credit,72350,-40399,debit,2025-07-28,Chennai,HDFC001,Rejected,661,Pending,Active
A10231,John,35,Other,Unknown,143910,23133,credit,2025-06-18,Unknown,HDFC001,Approved,693,Verified,Active
A10737,Amit,48,Other,Current,36247,24630,credit,2025-08-21,Pune,SBI002,Rejected,300,Pending,Inactive
A10881,Amit,19,Female,Credit,49006,-31725,debit,2023-09-09,Mumbai,SBI002,Rejected,301,Rejected,Inactive
A10994,Amit,47,Other,Current,7466,-12843,debit,2022-09-30,Chennai,Unknown,Rejected,695,Rejected,Active
A11820,John,71,Other,Loan,149149,17870,credit,2022-05-04,Delhi,ICICI003,Approved,795,Verified,Active
A13316,Amit,34,Male,Unknown,74655,-38878,debit,2021-05-23,Delhi,SBI002,Rejected,847,Pending,Inactive
A13137,Amit,38,Male,Unknown,173284,23200,credit,2021-07-02,Bangalore,AXIS004,Rejected,818,Pending,Inactive
A12116,John,26,Other,Current,194795,-5570,debit,2021-02-04,Delhi,Unknown,Rejected,487,Pending,Inactive
A12773,Ravi,73,Other,Savings,10838,18184,credit,2022-11-19,Chennai,HDFC001,Rejected,804,Verified,Closed
A12504,John,30,Male,Loan,45048,19610,credit,2025-08-24,Mumbai,AXIS004,Rejected,516,Pending,Inactive
A11788,Amit,47,Other,Unknown,68393,-18170,debit,2023-01-02,Unknown,ICICI003,Rejected,366,Pending,Inactive
A10370,Amit,61,Other,Unknown,30173,28601,credit,2021-05-21,Chennai,AXIS004,Approved,357,Verified,Active
A12977,Amit,32,Other,Unknown,183913,31042,credit,2021-08-12,Unknown,ICICI003,Rejected,582,Pending,Active
A11398,Neha,19,Female,Current,117044,47511,credit,2022-07-30,Delhi,Unknown,Rejected,413,Rejected,Inactive
A11584,John,19,Other,Unknown,188643,15945,credit,2025-01-27,Delhi,Unknown,Rejected,515,Pending,Inactive
A11123,Priya,43,Other,Unknown,199314,4410,credit,2024-01-05,Bangalore,Unknown,Pending,646,Pending,Dormant
A11605,John,54,Other,Unknown,150364,-10643,debit,2025-03-12,Unknown,Unknown,Rejected,689,Pending,Closed
A11985,Ravi,34,Male,Current,193761,40843,credit,2024-06-14,Unknown,Unknown,Rejected,708,Verified,Active
A11635,John,68,Other,Savings,147512,11943,credit,2021-06-27,Pune,SBI002,Rejected,675,Pending,Closed
A12119,Ravi,29,Other,Credit,43687,-21374,debit,2022-01-05,Unknown,HDFC001,Rejected,406,Pending,Inactive
A12561,John,64,Other,Loan,73388,12873,credit,2024-12-11,Delhi,SBI002,Approved,727,Verified,Dormant
A10129,Priya,20,Male,Loan,113820,-17266,debit,2024-09-20,Pune,Unknown,Rejected,692,Rejected,Inactive
A10199,Amit,26,Other,Unknown,5473,9775,credit,2022-04-27,Delhi,AXIS004,Pending,530,Pending,Closed
A11124,John,46,Other,Unknown,102619,-7997,debit,2021-08-08,Bangalore,AXIS004,Rejected,489,Rejected,Inactive
A12637,John,44,Other,Savings,95762,18936,credit,2023-04-08,Mumbai,ICICI003,Rejected,712,Pending,Inactive
A13250,Ravi,59,Male,Loan,168111,6991,credit,2022-08-21,Pune,ICICI003,Rejected,377,Verified,Active
A11435,John,19,Male,Unknown,38833,12418,credit,2021-09-09,Unknown,Unknown,Rejected,413,Pending,Inactive
A10096,Amit,20,Other,Loan,53005,-1290,debit,2021-12-20,Delhi,Unknown,Rejected,520,Rejected,Closed
A11579,Amit,26,Other,Credit,80870,1856,credit,2024-06-12,Unknown,HDFC001,Pending,406,Pending,Active
A12402,Priya,37,Other,Savings,135284,30200,credit,2025-03-18,Mumbai,Unknown,Rejected,852,Rejected,Inactive
A11325,Sara,45,Male,Credit,45941,45295,credit,2021-01-20,Pune,HDFC001,Rejected,897,Pending,Inactive
A10100,Amit,42,Other,Unknown,150006,27275,credit,2024-11-20,Bangalore,AXIS004,Rejected,823,Pending,Inactive
A10336,Priya,40,Other,Credit,186075,-20144,debit,2025-07-27,Unknown,Unknown,Approved,595,Verified,Dormant
A10112,Priya,40,Male,Credit,83118,-1139,debit,2023-02-17,Mumbai,HDFC001,Rejected,389,Rejected,Inactive
A13306,Priya,43,Male,Credit,141516,9476,credit,2023-03-07,Unknown,SBI002,Approved,537,Verified,Active
A10889,Priya,42,Female,Savings,188685,42819,credit,2023-04-28,Delhi,AXIS004,Rejected,711,Pending,Active
A12987,Amit,54,Female,Unknown,49868,-15170,debit,2022-12-07,Unknown,AXIS004,Pending,774,Pending,Dormant
A12568,Ravi,38,Other,Savings,74852,37660,credit,2023-05-18,Delhi,SBI002,Rejected,524,Pending,Inactive
A12259,Amit,54,Male,Savings,194031,3421,credit,2021-01-01,Unknown,Unknown,Rejected,875,Rejected,Inactive
A12990,Neha,33,Other,Savings,51040,-45106,debit,2024-09-22,Bangalore,Unknown,Rejected,835,Pending,Inactive
A12624,Amit,42,Female,Unknown,142090,22399,credit,2025-05-28,Unknown,SBI002,Pending,331,Pending,Active
A10372,Neha,48,Other,Current,90768,42612,credit,2024-07-21,Chennai,HDFC001,Pending,625,Pending,Inactive
A13168,Priya,30,Other,Current,59270,43758,credit,2023-01-13,Bangalore,Unknown,Approved,838,Verified,Active
A11506,Ravi,37,Other,Credit,24898,36645,credit,2025-10-15,Unknown,Unknown,Rejected,399,Pending,Inactive
A10875,Priya,53,Other,Credit,109959,-17172,debit,2025-11-23,Unknown,HDFC001,Rejected,474,Rejected,Inactive
A12437,John,39,Female,Unknown,31503,-11051,debit,2021-02-20,Unknown,AXIS004,Rejected,506,Pending,Inactive
A10341,Priya,74,Other,Unknown,125921,-19796,debit,2024-07-04,Delhi,SBI002,Rejected,487,Rejected,Inactive
A12328,Priya,22,Other,Savings,139193,902,credit,2021-10-07,Delhi,AXIS004,Rejected,691,Pending,Inactive
A11026,John,52,Female,Unknown,175926,6025,credit,2022-07-12,Delhi,AXIS004,Rejected,866,Pending,Inactive
A12557,John,22,Other,Unknown,88727,-12814,debit,2021-12-04,Unknown,ICICI003,Approved,714,Verified,Active
A13069,Ravi,19,Other,Credit,136184,-635,debit,2022-09-18,Pune,SBI002,Approved,820,Verified,Active
A11132,Ravi,23,Other,Current,41636,5396,credit,2024-05-09,Unknown,ICICI003,Approved,789,Verified,Active
A12251,John,26,Female,Unknown,195374,-7916,debit,2023-10-31,Bangalore,AXIS004,Rejected,483,Rejected,Inactive
A10243,Amit,39,Female,Credit,90299,28625,credit,2024-10-03,Delhi,HDFC001,Approved,832,Verified,Active
A10374,John,52,Other,Unknown,80313,-35325,debit,2023-04-22,Unknown,Unknown,Rejected,342,Pending,Inactive
A10863,Sara,42,Female,Loan,51566,22647,credit,2024-10-26,Mumbai,SBI002,Approved,767,Verified,Active
A10065,Sara,26,Male,Current,122336,-20340,debit,2021-06-28,Unknown,AXIS004,Rejected,534,Rejected,Dormant
A12512,Unknown,74,Other,Credit,34421,-44943,debit,2024-08-04,Delhi,ICICI003,Rejected,735,Pending,Closed
A12418,Amit,18,Other,Unknown,78240,-44232,debit,2022-01-27,Unknown,Unknown,Rejected,866,Rejected,Inactive
A10210,Sara,66,Male,Savings,114419,49835,credit,2023-10-19,Delhi,SBI002,Approved,832,Verified,Active
A13470,Priya,48,Female,Unknown,101008,27294,credit,2025-01-22,Mumbai,AXIS004,Rejected,574,Pending,Inactive
A11135,Unknown,50,Other,Unknown,165079,-16027,debit,2024-06-15,Pune,HDFC001,Approved,361,Verified,Dormant
A11903,Neha,39,Male,Unknown,14483,38370,credit,2021-07-18,Unknown,HDFC001,Rejected,564,Pending,Dormant
A12245,Neha,21,Male,Unknown,190110,-8779,debit,2021-05-08,Unknown,HDFC001,Rejected,597,Rejected,Inactive
A10801,John,45,Other,Unknown,8617,20723,credit,2024-05-07,Mumbai,ICICI003,Rejected,549,Pending,Inactive
A11154,John,38,Other,Current,95051,-45003,debit,2023-06-11,Unknown,Unknown,Rejected,367,Rejected,Inactive
A10539,Sara,38,Other,Credit,116754,40701,credit,2025-06-26,Delhi,SBI002,Rejected,619,Rejected,Inactive
A12792,John,35,Other,Unknown,86276,32192,credit,2022-07-18,Unknown,AXIS004,Rejected,385,Pending,Inactive
A10375,Amit,35,Other,Credit,-2611,-5873,debit,2022-04-12,Bangalore,AXIS004,Rejected,574,Pending,Inactive
A13219,Amit,29,Other,Unknown,128945,12251,credit,2022-03-04,Unknown,Unknown,Rejected,382,Rejected,Active
A10839,Priya,36,Other,Unknown,121871,21265,credit,2024-10-07,Mumbai,HDFC001,Pending,586,Verified,Active
A12028,Neha,45,Other,Unknown,194081,33624,credit,2023-09-13,Unknown,AXIS004,Rejected,479,Rejected,Active
A12845,Amit,43,Female,Loan,127769,49118,credit,2022-07-15,Bangalore,Unknown,Rejected,807,Rejected,Inactive
A11443,Amit,38,Other,Credit,80148,-8511,debit,2025-02-18,Chennai,HDFC001,Rejected,424,Rejected,Inactive
A12785,Neha,43,Male,Unknown,185380,33822,credit,2025-10-09,Bangalore,Unknown,Rejected,894,Pending,Inactive
A12352,Amit,45,Other,Unknown,59515,-7574,debit,2023-03-17,Chennai,Unknown,Rejected,895,Pending,Inactive
A10945,John,52,Male,Credit,86522,35486,credit,2022-03-09,Mumbai,AXIS004,Rejected,674,Pending,Active
A10848,Amit,19,Other,Unknown,110379,-388,debit,2024-05-25,Unknown,HDFC001,Pending,453,Pending,Inactive
A10184,Neha,43,Female,Unknown,23507,22640,credit,2025-01-15,Bangalore,Unknown,Rejected,711,Rejected,Inactive
A10319,Sara,27,Female,Unknown,153438,38764,credit,2023-06-14,Pune,AXIS004,Rejected,596,Verified,Closed
A11466,Sara,45,Female,Current,44642,40389,credit,2022-05-06,Bangalore,Unknown,Approved,490,Verified,Active
A10901,Amit,30,Female,Credit,153970,12725,credit,2025-04-29,Bangalore,AXIS004,Rejected,417,Pending,Inactive
A11843,Unknown,59,Male,Loan,181083,-31623,debit,2025-09-19,Delhi,Unknown,Approved,751,Verified,Active
A11274,Amit,64,Other,Credit,62415,-14559,debit,2025-04-16,Chennai,AXIS004,Rejected,407,Rejected,Inactive
A10573,Amit,23,Other,Unknown,164538,-761,debit,2025-01-20,Unknown,AXIS004,Rejected,372,Pending,Dormant
A13178,John,66,Male,Loan,121017,37459,credit,2025-06-05,Chennai,SBI002,Rejected,825,Rejected,Inactive
A12515,Sara,51,Other,Loan,72248,-19249,debit,2022-10-24,Chennai,SBI002,Rejected,586,Pending,Inactive
A13345,Priya,29,Other,Current,153710,-2967,debit,2025-07-29,Pune,HDFC001,Rejected,618,Pending,Active
A12093,Ravi,63,Other,Savings,158064,20126,credit,2024-07-01,Chennai,SBI002,Approved,672,Verified,Active
A10992,Priya,26,Other,Credit,139310,17232,credit,2025-05-24,Unknown,ICICI003,Rejected,321,Rejected,Inactive
A11598,John,61,Male,Savings,3812,45140,credit,2025-08-22,Unknown,HDFC001,Approved,872,Verified,Active
A13094,Ravi,64,Male,Current,146833,3896,credit,2025-03-13,Delhi,SBI002,Rejected,372,Rejected,Active
A11249,Ravi,18,Other,Current,13333,-20141,debit,2021-12-10,Chennai,Unknown,Rejected,363,Pending,Inactive
A12821,Ravi,44,Male,Unknown,99666,12141,credit,2022-01-05,Delhi,Unknown,Rejected,452,Rejected,Inactive
A11356,Amit,65,Other,Loan,38063,8582,credit,2025-09-15,Chennai,SBI002,Rejected,461,Pending,Inactive
A11597,John,32,Other,Savings,152590,16418,credit,2022-01-13,Delhi,Unknown,Rejected,624,Rejected,Inactive
A12218,Ravi,48,Male,Savings,160109,-17108,debit,2025-09-21,Unknown,AXIS004,Rejected,514,Rejected,Inactive
A10759,Priya,64,Male,Unknown,56635,35178,credit,2024-05-02,Delhi,HDFC001,Rejected,833,Rejected,Inactive
A10400,Priya,27,Female,Loan,61020,18907,credit,2022-01-06,Chennai,Unknown,Approved,464,Verified,Active
A13387,Amit,41,Other,Credit,137835,-1641,debit,2022-01-27,Unknown,HDFC001,Rejected,342,Rejected,Inactive
A10273,John,23,Female,Credit,162336,-39,debit,2021-11-26,Bangalore,Unknown,Rejected,370,Rejected,Inactive
A13268,Amit,35,Other,Unknown,128864,-18927,debit,2023-03-19,Bangalore,AXIS004,Pending,866,Pending,Closed
A11340,Ravi,20,Female,Current,167783,-7187,debit,2023-10-08,Pune,SBI002,Approved,852,Verified,Active
A11689,Ravi,44,Other,Current,86454,15796,credit,2021-08-26,Unknown,HDFC001,Rejected,583,Pending,Dormant
A11166,John,24,Male,Loan,19246,19117,credit,2024-08-01,Chennai,Unknown,Approved,677,Verified,Active
A10877,John,64,Male,Unknown,129836,-28555,debit,2025-04-02,Pune,ICICI003,Rejected,541,Rejected,Active
A10181,Neha,27,Other,Unknown,161015,-18732,debit,2025-04-06,Delhi,HDFC001,Rejected,460,Rejected,Inactive
A10081,Neha,19,Other,Current,141300,-17230,debit,2021-09-18,Unknown,Unknown,Rejected,385,Rejected,Inactive
A12246,Ravi,74,Other,Savings,17249,-5583,debit,2024-12-14,Chennai,HDFC001,Pending,881,Verified,Active
A10028,Priya,21,Other,Unknown,91935,40138,credit,2023-04-08,Unknown,Unknown,Pending,766,Verified,Active
A12532,Neha,19,Female,Credit,174643,-45460,debit,2025-03-11,Chennai,Unknown,Pending,526,Pending,Active
A10484,Priya,19,Other,Current,129057,-39747,debit,2025-02-21,Unknown,AXIS004,Rejected,795,Pending,Inactive
A12388,Priya,58,Other,Current,69426,3038,credit,2021-08-22,Unknown,AXIS004,Rejected,346,Rejected,Inactive
A10498,Sara,48,Female,Credit,195892,17425,credit,2022-04-09,Pune,Unknown,Rejected,528,Pending,Inactive
A10178,Ravi,23,Female,Credit,93249,14685,credit,2022-09-15,Bangalore,AXIS004,Rejected,707,Pending,Dormant
A12229,John,51,Male,Unknown,27565,39634,credit,2021-12-22,Chennai,SBI002,Rejected,499,Rejected,Active
A11802,Amit,22,Other,Current,1021,9653,credit,2024-09-18,Bangalore,AXIS004,Rejected,740,Rejected,Inactive
A13003,John,66,Other,Loan,105427,-2311,debit,2024-05-15,Delhi,AXIS004,Pending,552,Pending,Closed
A11438,Amit,28,Other,Current,98518,-1972,debit,2024-04-17,Chennai,AXIS004,Pending,729,Pending,Active
A11851,Neha,33,Female,Current,174801,43328,credit,2025-09-28,Unknown,ICICI003,Pending,365,Pending,Active
A11166,John,24,Male,Loan,52443,35004,credit,2022-01-25,Chennai,Unknown,Pending,828,Verified,Active
A12035,Priya,23,Other,Loan,179767,12171,credit,2023-07-17,Bangalore,SBI002,Pending,424,Pending,Inactive
A11456,Unknown,60,Female,Credit,127281,-29256,debit,2021-02-20,Chennai,Unknown,Pending,581,Verified,Active
A10632,Neha,24,Female,Unknown,159807,38513,credit,2021-03-18,Chennai,Unknown,Rejected,689,Rejected,Inactive
A11405,Priya,59,Other,Current,141799,44676,credit,2022-12-06,Chennai,SBI002,Pending,689,Verified,Active
A11080,Priya,56,Other,Credit,105493,-2233,debit,2021-01-27,Delhi,ICICI003,Rejected,380,Rejected,Inactive
A10449,John,23,Female,Unknown,94119,-18792,debit,2024-01-17,Unknown,Unknown,Approved,847,Verified,Active
A11896,Neha,41,Female,Unknown,167716,5931,credit,2023-11-05,Unknown,SBI002,Approved,848,Verified,Active
A13013,Unknown,26,Other,Unknown,71266,-21903,debit,2023-03-05,Pune,HDFC001,Rejected,489,Rejected,Inactive
A12191,Ravi,35,Female,Unknown,58900,-15540,debit,2025-06-04,Unknown,AXIS004,Rejected,806,Pending,Inactive
A10631,Amit,60,Other,Current,116345,22469,credit,2022-08-08,Unknown,AXIS004,Rejected,366,Rejected,Inactive
A13049,Ravi,40,Other,Savings,53106,29779,credit,2022-10-30,Delhi,Unknown,Rejected,713,Pending,Dormant
A12356,Amit,21,Female,Credit,124152,9644,credit,2021-06-13,Mumbai,SBI002,Rejected,580,Rejected,Inactive
A12336,John,19,Other,Unknown,62505,7011,credit,2023-06-13,Unknown,Unknown,Approved,496,Verified,Active
A13159,Neha,26,Other,Credit,78401,6637,credit,2021-10-07,Bangalore,Unknown,Rejected,617,Rejected,Inactive
A11998,Neha,64,Female,Credit,35235,-46629,debit,2022-12-17,Chennai,SBI002,Pending,811,Pending,Closed
A12978,Priya,70,Other,Current,155676,-24865,debit,2021-04-18,Delhi,ICICI003,Approved,638,Verified,Active
A11565,John,18,Other,Credit,180052,-45288,debit,2023-06-21,Unknown,ICICI003,Pending,307,Pending,Dormant
A12099,Neha,24,Other,Credit,135509,-19827,debit,2023-02-10,Unknown,AXIS004,Approved,361,Verified,Active
A10437,Amit,20,Female,Current,85400,46872,credit,2024-04-19,Bangalore,Unknown,Approved,337,Verified,Active
A12820,Amit,40,Other,Current,6632,-27637,debit,2024-07-21,Bangalore,HDFC001,Rejected,447,Pending,Inactive
A11216,John,28,Other,Credit,102136,9200,credit,2024-06-06,Delhi,Unknown,Rejected,812,Pending,Inactive
A12202,Sara,46,Other,Unknown,106561,2367,credit,2024-04-06,Bangalore,AXIS004,Pending,712,Verified,Dormant
A11492,Neha,25,Other,Current,196728,-47657,debit,2023-08-26,Mumbai,Unknown,Rejected,552,Rejected,Dormant
A12437,John,39,Female,Unknown,164262,-10330,debit,2021-04-08,Unknown,AXIS004,Rejected,597,Pending,Active
A12426,Neha,66,Other,Loan,194968,-10589,debit,2022-11-03,Bangalore,HDFC001,Rejected,532,Rejected,Inactive
A12904,Amit,37,Female,Loan,176211,-47360,debit,2025-04-14,Unknown,Unknown,Approved,683,Verified,Active
A12321,Amit,20,Other,Unknown,53986,47649,credit,2023-06-27,Unknown,AXIS004,Rejected,649,Pending,Dormant
A11988,Ravi,69,Other,Credit,170228,-18963,debit,2025-07-18,Bangalore,Unknown,Rejected,731,Rejected,Inactive
A12360,Neha,25,Other,Credit,77789,7548,credit,2021-07-08,Delhi,AXIS004,Rejected,377,Pending,Inactive
A12208,Ravi,30,Other,Current,13920,28838,credit,2025-11-07,Mumbai,ICICI003,Rejected,554,Pending,Inactive
A11265,Amit,69,Other,Unknown,15756,-8511,debit,2023-06-04,Delhi,AXIS004,Rejected,509,Rejected,Inactive
A10337,Neha,37,Male,Loan,28928,-3084,debit,2021-10-12,Delhi,AXIS004,Rejected,780,Rejected,Closed
A11608,Ravi,26,Other,Unknown,160262,6221,credit,2022-10-30,Chennai,HDFC001,Approved,513,Verified,Active
A10073,Priya,33,Male,Loan,568,34778,credit,2021-03-29,Chennai,Unknown,Pending,484,Pending,Dormant
A10740,John,48,Other,Current,157384,13761,credit,2022-05-11,Bangalore,Unknown,Rejected,303,Rejected,Inactive
A11439,Neha,45,Male,Savings,76909,-41903,debit,2024-05-21,Chennai,HDFC001,Rejected,428,Rejected,Inactive
A12398,Neha,33,Female,Credit,133192,4249,credit,2022-03-23,Delhi,ICICI003,Rejected,819,Pending,Inactive
A13401,Unknown,65,Other,Loan,38443,-28786,debit,2025-03-13,Pune,AXIS004,Approved,842,Verified,Active
A10364,John,41,Female,Loan,76167,-15743,debit,2022-09-04,Pune,ICICI003,Approved,794,Verified,Active
A13248,John,48,Other,Credit,30211,-41634,debit,2024-06-28,Mumbai,SBI002,Rejected,401,Verified,Active
A10739,Neha,30,Female,Loan,134696,-16543,debit,2023-01-07,Bangalore,HDFC001,Approved,600,Verified,Dormant
A11440,Sara,26,Female,Unknown,157627,-48458,debit,2022-01-16,Unknown,SBI002,Rejected,770,Rejected,Inactive
A11294,Amit,31,Other,Unknown,59866,11973,credit,2024-07-07,Unknown,Unknown,Rejected,691,Rejected,Inactive
A10573,Amit,23,Other,Unknown,180912,26340,credit,2022-12-18,Unknown,AXIS004,Pending,373,Pending,Active
A13415,Unknown,56,Other,Savings,113390,-14933,debit,2024-02-18,Pune,ICICI003,Rejected,856,Pending,Inactive
A10416,Ravi,20,Male,Unknown,64059,-5277,debit,2024-03-31,Delhi,HDFC001,Rejected,831,Pending,Inactive
A12360,Neha,25,Other,Credit,25548,-27346,debit,2022-05-02,Delhi,AXIS004,Rejected,477,Pending,Inactive
A10412,Neha,69,Male,Savings,87973,-20926,debit,2021-11-12,Pune,Unknown,Rejected,557,Pending,Inactive
A10171,Sara,22,Male,Credit,193287,-28309,debit,2021-03-04,Bangalore,HDFC001,Pending,829,Pending,Dormant
A11121,John,30,Female,Current,3183,48137,credit,2022-06-25,Unknown,HDFC001,Rejected,483,Rejected,Inactive
A10178,Ravi,23,Female,Credit,147524,-10033,debit,2021-04-26,Bangalore,AXIS004,Rejected,868,Pending,Inactive
A12862,John,71,Male,Current,83378,36302,credit,2023-04-30,Pune,SBI002,Rejected,429,Rejected,Active
A12156,Sara,52,Other,Unknown,196751,-36549,debit,2025-10-20,Unknown,AXIS004,Rejected,479,Pending,Inactive
A11864,Unknown,68,Male,Credit,39109,38928,credit,2021-07-06,Delhi,SBI002,Rejected,798,Pending,Inactive
A12469,Amit,45,Other,Unknown,114139,-13617,debit,2022-06-23,Bangalore,AXIS004,Pending,322,Pending,Inactive
A12680,Priya,42,Other,Current,172615,5184,credit,2025-02-08,Delhi,HDFC001,Rejected,358,Pending,Inactive
A12050,John,62,Female,Current,140697,9910,credit,2023-12-27,Delhi,ICICI003,Rejected,537,Pending,Inactive
A10785,Unknown,46,Female,Unknown,178369,48454,credit,2024-08-31,Delhi,Unknown,Pending,734,Pending,Closed
A10143,Unknown,39,Other,Savings,194879,44991,credit,2023-06-12,Pune,ICICI003,Approved,775,Verified,Active
A10707,Ravi,41,Other,Credit,26413,6412,credit,2025-08-11,Bangalore,HDFC001,Rejected,480,Pending,Dormant
A11365,Amit,32,Other,Unknown,77420,25782,credit,2024-10-08,Unknown,Unknown,Rejected,440,Pending,Dormant
A11520,Priya,68,Female,Current,145304,11614,credit,2022-12-31,Bangalore,ICICI003,Approved,325,Verified,Dormant
A10754,Sara,22,Female,Current,31879,-14452,debit,2023-09-15,Bangalore,AXIS004,Pending,812,Pending,Closed
A13165,Amit,22,Female,Credit,196475,36924,credit,2022-06-09,Unknown,Unknown,Rejected,809,Rejected,Dormant
A11893,Neha,59,Female,Loan,106470,17248,credit,2025-02-28,Mumbai,AXIS004,Approved,768,Verified,Active
A13192,Amit,18,Female,Savings,169041,9431,credit,2024-09-10,Bangalore,AXIS004,Pending,580,Verified,Active
A12710,John,33,Other,Credit,17833,37750,credit,2023-10-27,Bangalore,AXIS004,Rejected,676,Rejected,Inactive
A11234,Ravi,43,Male,Current,145575,43673,credit,2022-07-21,Unknown,AXIS004,Rejected,739,Pending,Dormant
A10823,Ravi,54,Female,Unknown,21097,16532,credit,2025-05-06,Bangalore,Unknown,Rejected,530,Rejected,Inactive
A12225,Sara,30,Other,Credit,176977,19282,credit,2024-11-29,Unknown,SBI002,Rejected,364,Rejected,Inactive
A11050,Amit,56,Female,Credit,79203,5684,credit,2025-08-19,Chennai,SBI002,Rejected,418,Rejected,Inactive
A10760,Priya,47,Male,Savings,184698,45700,credit,2024-11-12,Delhi,AXIS004,Rejected,646,Verified,Active
A10644,Amit,48,Other,Unknown,129070,49703,credit,2021-07-12,Unknown,HDFC001,Rejected,396,Verified,Dormant
A13181,Neha,52,Other,Unknown,60035,812,credit,2021-04-09,Mumbai,ICICI003,Approved,816,Verified,Active
A10089,Neha,34,Other,Unknown,193514,20235,credit,2022-01-05,Unknown,Unknown,Approved,402,Verified,Dormant
A11050,Amit,56,Female,Credit,117092,31202,credit,2025-01-21,Chennai,SBI002,Rejected,432,Rejected,Inactive
A12291,Amit,37,Male,Current,54594,20054,credit,2022-11-09,Unknown,ICICI003,Rejected,735,Pending,Inactive
A11619,Sara,49,Female,Credit,69859,22337,credit,2021-01-02,Unknown,HDFC001,Approved,780,Verified,Active
A12638,Unknown,59,Female,Unknown,108472,-31249,debit,2024-12-24,Delhi,AXIS004,Rejected,502,Rejected,Dormant
A10658,Neha,54,Female,Loan,65347,35487,credit,2022-04-20,Delhi,ICICI003,Rejected,847,Pending,Inactive
A13193,Neha,59,Other,Credit,155779,45021,credit,2022-06-21,Delhi,HDFC001,Rejected,351,Pending,Inactive
A12656,Unknown,29,Other,Loan,78879,-6678,debit,2024-03-21,Mumbai,Unknown,Pending,359,Verified,Active
A12395,Priya,25,Other,Credit,134346,15235,credit,2023-05-16,Bangalore,HDFC001,Approved,465,Verified,Active
A12852,Priya,22,Other,Unknown,192558,8532,credit,2023-07-16,Chennai,AXIS004,Rejected,352,Rejected,Inactive
A13430,Amit,23,Other,Unknown,171701,31639,credit,2021-05-17,Unknown,Unknown,Approved,464,Verified,Active
A13476,Unknown,52,Other,Loan,85424,-1149,debit,2025-09-21,Delhi,HDFC001,Pending,514,Verified,Closed
A11407,John,21,Other,Credit,77032,-37291,debit,2025-02-20,Unknown,AXIS004,Pending,516,Pending,Dormant
A11516,John,50,Female,Unknown,195044,8901,credit,2021-06-09,Bangalore,Unknown,Rejected,348,Rejected,Inactive
A10387,Amit,50,Female,Current,87399,5280,credit,2022-03-29,Unknown,HDFC001,Rejected,782,Pending,Inactive
A11682,John,46,Female,Credit,142888,-14212,debit,2023-09-02,Delhi,HDFC001,Pending,479,Verified,Active
A10205,Ravi,30,Other,Savings,123762,-38736,debit,2023-01-04,Unknown,Unknown,Rejected,808,Rejected,Inactive
A12099,Neha,24,Other,Credit,123799,-10128,debit,2025-04-15,Unknown,AXIS004,Rejected,744,Rejected,Dormant
A10561,Ravi,67,Male,Current,15032,18767,credit,2024-02-04,Unknown,Unknown,Pending,473,Pending,Active
A12529,Ravi,28,Female,Credit,158064,14374,credit,2022-03-29,Unknown,HDFC001,Rejected,535,Pending,Closed
A11682,John,46,Female,Credit,187035,48940,credit,2025-03-19,Delhi,HDFC001,Pending,479,Verified,Active
A12316,Amit,73,Other,Current,76354,-9413,debit,2022-02-01,Pune,SBI002,Rejected,402,Rejected,Inactive
A12671,Neha,27,Other,Credit,56265,-6394,debit,2022-10-09,Unknown,Unknown,Approved,749,Verified,Active
A12279,Neha,69,Male,Loan,191654,21762,credit,2023-06-29,Mumbai,SBI002,Approved,764,Verified,Active
A12914,Unknown,67,Other,Loan,7135,34202,credit,2022-01-07,Bangalore,ICICI003,Pending,382,Verified,Dormant
A12861,Neha,37,Other,Unknown,71122,-2205,debit,2024-12-25,Chennai,Unknown,Rejected,331,Pending,Dormant
A12113,Unknown,40,Other,Current,126493,-13972,debit,2021-09-21,Unknown,ICICI003,Approved,481,Verified,Dormant
A12136,Sara,41,Other,Current,36542,11712,credit,2022-05-09,Chennai,Unknown,Pending,646,Pending,Active
A12320,Neha,48,Female,Current,29906,-44274,debit,2025-05-07,Unknown,HDFC001,Pending,483,Pending,Inactive
A12349,Amit,21,Female,Credit,18094,-7327,debit,2022-08-22,Chennai,AXIS004,Pending,648,Pending,Closed
A12431,Amit,31,Other,Loan,146619,7063,credit,2024-02-03,Pune,Unknown,Rejected,350,Rejected,Inactive
A12267,Sara,68,Other,Loan,16146,945,credit,2024-02-06,Bangalore,HDFC001,Rejected,751,Pending,Inactive
A10165,Neha,49,Other,Unknown,142330,-9576,debit,2025-12-04,Unknown,AXIS004,Pending,791,Pending,Closed
A10434,John,34,Female,Savings,129441,43042,credit,2025-05-26,Unknown,HDFC001,Rejected,862,Pending,Inactive
A12456,Ravi,36,Female,Credit,143036,8774,credit,2021-03-08,Chennai,AXIS004,Rejected,816,Rejected,Inactive
A11968,Ravi,19,Female,Current,168898,-15846,debit,2022-11-27,Delhi,ICICI003,Pending,675,Pending,Active
A11228,Ravi,33,Female,Unknown,33515,24577,credit,2025-12-14,Unknown,HDFC001,Rejected,492,Rejected,Inactive
A11028,John,42,Female,Unknown,159707,16592,credit,2023-07-10,Unknown,Unknown,Rejected,354,Pending,Inactive
A11008,Amit,32,Female,Current,-361,-12613,debit,2025-11-30,Bangalore,AXIS004,Rejected,510,Rejected,Inactive
A10947,John,18,Female,Unknown,159552,35635,credit,2025-04-09,Chennai,Unknown,Rejected,375,Rejected,Inactive
A11198,Amit,20,Female,Unknown,167326,-7018,debit,2025-06-20,Unknown,AXIS004,Rejected,519,Pending,Inactive
A13112,Priya,44,Other,Credit,173832,4903,credit,2024-11-19,Mumbai,AXIS004,Rejected,813,Rejected,Inactive
A13313,Amit,41,Other,Credit,156891,-13392,debit,2021-09-03,Unknown,AXIS004,Rejected,469,Rejected,Inactive
A12442,Amit,21,Other,Credit,91015,7614,credit,2025-12-03,Bangalore,AXIS004,Approved,496,Verified,Active
A13483,Amit,24,Other,Credit,4536,-6457,debit,2024-01-24,Bangalore,Unknown,Rejected,756,Rejected,Dormant
A13406,John,72,Other,Unknown,35380,13101,credit,2023-10-31,Bangalore,AXIS004,Rejected,764,Pending,Inactive
A10870,Amit,33,Female,Unknown,75891,4546,credit,2023-02-07,Unknown,AXIS004,Rejected,692,Rejected,Closed
A11421,Sara,47,Other,Loan,52510,-33236,debit,2023-03-30,Pune,SBI002,Rejected,846,Rejected,Inactive
A10726,Amit,39,Male,Credit,28554,-734,debit,2024-02-17,Mumbai,Unknown,Rejected,522,Rejected,Inactive
A11295,Neha,69,Female,Credit,48017,-15887,debit,2024-06-15,Pune,ICICI003,Approved,778,Verified,Active
A13101,Amit,28,Other,Credit,185633,-22537,debit,2023-04-23,Chennai,Unknown,Approved,578,Verified,Active
A10974,Unknown,31,Other,Unknown,76772,4955,credit,2023-07-30,Bangalore,HDFC001,Rejected,365,Rejected,Inactive
A13242,Neha,45,Other,Current,105906,4245,credit,2023-08-03,Bangalore,HDFC001,Rejected,437,Verified,Active
A11227,Neha,22,Male,Current,29086,13903,credit,2022-12-07,Unknown,Unknown,Rejected,854,Pending,Inactive
A10479,Ravi,44,Male,Savings,97011,18365,credit,2024-06-30,Unknown,HDFC001,Approved,573,Verified,Dormant
A13291,Amit,52,Male,Loan,20776,-29953,debit,2024-12-13,Delhi,HDFC001,Approved,692,Verified,Active
A12582,Neha,22,Male,Current,75855,47583,credit,2023-07-26,Bangalore,Unknown,Rejected,320,Pending,Inactive
A13182,Amit,47,Other,Credit,35374,-2959,debit,2024-05-03,Delhi,Unknown,Rejected,490,Rejected,Inactive
A10811,John,66,Other,Loan,64332,8582,credit,2024-08-24,Unknown,ICICI003,Rejected,697,Pending,Inactive
A11492,Neha,25,Other,Current,21453,23993,credit,2025-09-25,Mumbai,Unknown,Rejected,460,Rejected,Inactive
A12813,Neha,33,Male,Credit,162297,19064,credit,2024-12-22,Unknown,ICICI003,Rejected,399,Pending,Inactive
A11154,John,38,Other,Current,124929,3716,credit,2024-02-03,Unknown,Unknown,Rejected,505,Rejected,Inactive
A11661,Sara,18,Female,Unknown,90318,7438,credit,2025-11-29,Chennai,AXIS004,Approved,475,Verified,Active
A12168,Ravi,34,Other,Current,34154,-9762,debit,2024-01-03,Unknown,Unknown,Rejected,759,Pending,Inactive
A11664,John,49,Other,Loan,-2556,-2335,debit,2022-10-22,Unknown,Unknown,Rejected,345,Pending,Inactive
A13423,Priya,50,Other,Unknown,118105,-39218,debit,2021-04-19,Delhi,HDFC001,Rejected,795,Rejected,Inactive
A10184,Neha,43,Female,Unknown,142632,-35186,debit,2024-05-07,Bangalore,Unknown,Rejected,356,Rejected,Inactive
A13182,Amit,47,Other,Credit,106285,19124,credit,2023-06-04,Delhi,Unknown,Rejected,741,Rejected,Inactive
A10978,Priya,32,Other,Loan,199526,26466,credit,2025-10-05,Bangalore,ICICI003,Rejected,348,Rejected,Inactive
A12646,Amit,22,Other,Loan,167869,9844,credit,2022-04-27,Chennai,Unknown,Rejected,825,Pending,Inactive
A12238,Priya,22,Other,Credit,137904,12463,credit,2022-08-22,Unknown,AXIS004,Rejected,828,Pending,Inactive
A10763,John,21,Other,Unknown,49203,17207,credit,2025-08-24,Bangalore,Unknown,Rejected,667,Rejected,Dormant
A11113,Ravi,30,Other,Unknown,6394,31401,credit,2024-09-18,Unknown,Unknown,Pending,615,Pending,Active
A12765,Sara,62,Other,Credit,133270,13331,credit,2025-05-27,Bangalore,ICICI003,Rejected,311,Rejected,Active
A11676,Priya,59,Male,Savings,74418,2124,credit,2024-09-13,Pune,SBI002,Rejected,434,Rejected,Inactive
A12366,John,60,Other,Savings,181609,-41850,debit,2024-09-14,Chennai,AXIS004,Pending,830,Pending,Closed
A10293,Sara,70,Other,Loan,48580,13143,credit,2023-10-09,Pune,Unknown,Rejected,459,Rejected,Inactive
A12207,Neha,31,Other,Unknown,99021,17756,credit,2023-02-11,Unknown,AXIS004,Rejected,321,Rejected,Inactive
A10887,Amit,29,Female,Current,89156,21855,credit,2025-09-10,Unknown,Unknown,Rejected,884,Rejected,Dormant
A12363,Sara,68,Other,Loan,113864,17559,credit,2022-05-28,Bangalore,ICICI003,Rejected,689,Rejected,Closed
A11528,John,23,Other,Unknown,63183,39786,credit,2023-05-01,Mumbai,HDFC001,Approved,369,Verified,Active
A10339,Amit,68,Other,Credit,117570,31224,credit,2021-07-28,Unknown,AXIS004,Rejected,572,Verified,Active
A11384,Neha,22,Other,Unknown,97224,13321,credit,2025-12-16,Unknown,Unknown,Approved,612,Verified,Active
A11401,Neha,21,Other,Unknown,173265,18610,credit,2021-09-14,Unknown,HDFC001,Rejected,610,Pending,Dormant
A12844,Ravi,41,Other,Savings,54874,-30257,debit,2024-07-31,Delhi,Unknown,Approved,887,Verified,Active
A11076,Neha,55,Female,Current,7183,18426,credit,2021-08-01,Bangalore,HDFC001,Rejected,783,Rejected,Inactive
A13370,Priya,70,Female,Loan,185828,12023,credit,2021-02-22,Unknown,Unknown,Approved,853,Verified,Active
A12698,Unknown,48,Female,Loan,169752,10054,credit,2025-02-18,Unknown,Unknown,Pending,887,Verified,Active
A11297,Amit,46,Female,Unknown,43705,-8925,debit,2022-06-16,Unknown,AXIS004,Approved,442,Verified,Active
A10640,John,30,Male,Loan,181714,470,credit,2021-12-06,Bangalore,HDFC001,Approved,455,Verified,Dormant
A10038,Ravi,39,Female,Current,17029,43135,credit,2021-12-05,Chennai,HDFC001,Rejected,350,Rejected,Inactive
A11506,Ravi,37,Other,Credit,23958,-35801,debit,2022-05-12,Unknown,Unknown,Rejected,625,Pending,Dormant
A10193,Amit,42,Male,Credit,191771,18942,credit,2023-04-18,Chennai,AXIS004,Rejected,736,Pending,Active
A12262,Sara,45,Male,Savings,141409,-41113,debit,2022-05-14,Unknown,Unknown,Rejected,624,Pending,Closed
A13117,Neha,65,Other,Current,1444,-21285,debit,2025-07-25,Chennai,Unknown,Rejected,346,Rejected,Inactive
A11146,Amit,26,Male,Unknown,38551,-7855,debit,2022-06-18,Chennai,AXIS004,Pending,508,Pending,Active
A12737,John,63,Other,Unknown,46369,-650,debit,2021-04-14,Chennai,AXIS004,Pending,505,Pending,Closed
A11558,John,28,Other,Unknown,138288,-18379,debit,2023-03-14,Unknown,AXIS004,Rejected,510,Rejected,Inactive
A10231,John,35,Other,Unknown,22094,-3990,debit,2023-03-22,Unknown,HDFC001,Rejected,513,Rejected,Inactive
A11534,John,50,Other,Unknown,125561,-37322,debit,2025-04-11,Bangalore,Unknown,Rejected,379,Pending,Dormant
A13420,Amit,39,Male,Unknown,108150,13873,credit,2021-08-08,Chennai,AXIS004,Approved,856,Verified,Active
A11345,Priya,27,Male,Savings,118647,18339,credit,2025-02-21,Delhi,AXIS004,Rejected,488,Rejected,Inactive
A11365,Amit,32,Other,Unknown,60935,7400,credit,2024-07-02,Unknown,Unknown,Rejected,319,Rejected,Dormant
A11858,Neha,40,Other,Unknown,9462,25689,credit,2025-05-19,Unknown,Unknown,Approved,688,Verified,Dormant
A11568,Priya,24,Male,Current,81338,-40137,debit,2022-07-05,Bangalore,ICICI003,Rejected,307,Pending,Inactive
A12482,Priya,43,Other,Savings,-187,18109,credit,2022-10-28,Delhi,Unknown,Rejected,659,Rejected,Inactive
A11350,John,23,Male,Unknown,84600,-1175,debit,2023-05-26,Chennai,Unknown,Pending,446,Pending,Inactive
A12662,John,19,Female,Loan,101240,15849,credit,2021-07-25,Unknown,ICICI003,Approved,673,Verified,Dormant
A12979,Amit,49,Other,Savings,154754,-37388,debit,2021-10-30,Delhi,HDFC001,Rejected,619,Pending,Closed
A12037,Priya,65,Other,Credit,102280,-42668,debit,2024-01-25,Chennai,ICICI003,Approved,655,Verified,Active
A10484,Priya,19,Other,Current,81460,18032,credit,2025-05-05,Unknown,AXIS004,Rejected,544,Pending,Inactive
A12199,John,45,Female,Loan,62545,38440,credit,2023-04-24,Unknown,HDFC001,Rejected,709,Pending,Inactive
A12170,John,43,Male,Savings,112014,19470,credit,2025-11-15,Delhi,Unknown,Approved,332,Verified,Dormant
A12130,Unknown,51,Other,Credit,170359,-1859,debit,2021-11-30,Unknown,Unknown,Rejected,509,Verified,Dormant
A11126,Amit,45,Other,Loan,124599,-43978,debit,2024-09-04,Mumbai,SBI002,Approved,761,Verified,Active
A10089,Neha,34,Other,Unknown,31677,9478,credit,2022-07-06,Unknown,Unknown,Rejected,419,Verified,Dormant
A10750,John,34,Female,Unknown,188859,7865,credit,2025-07-25,Bangalore,Unknown,Rejected,419,Pending,Inactive
A12127,Amit,33,Other,Unknown,123252,25879,credit,2022-10-06,Bangalore,Unknown,Rejected,799,Pending,Inactive
A13185,Neha,48,Other,Unknown,5547,35518,credit,2023-11-19,Pune,AXIS004,Rejected,327,Rejected,Inactive
A10155,Priya,49,Other,Credit,132617,-33986,debit,2025-02-06,Bangalore,Unknown,Pending,636,Pending,Active
A11537,Priya,23,Other,Unknown,125359,5974,credit,2023-02-14,Unknown,Unknown,Rejected,602,Pending,Closed
A12313,Sara,26,Female,Current,192008,-24038,debit,2022-03-30,Pune,ICICI003,Rejected,364,Rejected,Inactive
A10115,Priya,34,Male,Credit,50193,2767,credit,2024-07-17,Bangalore,ICICI003,Rejected,583,Rejected,Inactive
A11873,Amit,56,Other,Credit,44660,-45826,debit,2022-07-17,Chennai,AXIS004,Pending,332,Pending,Active
A10395,John,27,Other,Unknown,44634,22563,credit,2023-05-15,Unknown,Unknown,Approved,726,Verified,Dormant
A11088,Ravi,57,Other,Credit,4398,1676,credit,2025-05-07,Chennai,ICICI003,Approved,830,Verified,Active
A12295,Ravi,46,Male,Loan,166177,26497,credit,2024-12-22,Unknown,Unknown,Rejected,640,Pending,Closed
A11859,Sara,23,Female,Loan,144457,10155,credit,2022-12-27,Pune,Unknown,Rejected,669,Rejected,Inactive
A13261,Unknown,18,Male,Credit,76772,-19375,debit,2024-01-22,Bangalore,HDFC001,Pending,310,Pending,Inactive
A10054,Ravi,37,Female,Current,62850,-12036,debit,2021-02-11,Mumbai,ICICI003,Rejected,884,Rejected,Inactive
A11316,John,41,Male,Current,166634,-5959,debit,2022-02-11,Chennai,AXIS004,Pending,344,Pending,Active
A12516,Ravi,48,Other,Credit,168338,42694,credit,2021-07-25,Mumbai,Unknown,Rejected,379,Rejected,Inactive
A13198,Unknown,70,Male,Savings,47279,-4086,debit,2021-02-14,Pune,Unknown,Rejected,590,Verified,Closed
A10019,Unknown,64,Male,Loan,79215,40830,credit,2022-07-04,Mumbai,SBI002,Rejected,535,Rejected,Inactive
A11007,Amit,22,Other,Unknown,189148,-17940,debit,2022-06-19,Delhi,Unknown,Rejected,420,Pending,Dormant
A10724,John,58,Male,Unknown,104948,-27596,debit,2022-07-31,Mumbai,Unknown,Rejected,461,Rejected,Inactive
A12685,John,47,Other,Savings,166230,15014,credit,2025-04-20,Unknown,Unknown,Pending,498,Pending,Active
A13268,Amit,35,Other,Unknown,170984,36859,credit,2022-08-05,Bangalore,AXIS004,Approved,459,Verified,Active
A11193,John,33,Other,Current,11000,28366,credit,2025-03-16,Bangalore,HDFC001,Rejected,849,Pending,Inactive
A10208,Priya,28,Other,Credit,127099,-30499,debit,2024-02-03,Delhi,AXIS004,Approved,557,Verified,Dormant
A12704,Unknown,36,Male,Current,-3786,-431,debit,2022-05-11,Mumbai,AXIS004,Rejected,548,Pending,Inactive
A12233,Sara,58,Female,Savings,63706,-20001,debit,2023-11-19,Unknown,Unknown,Rejected,393,Pending,Inactive
A12144,Unknown,45,Other,Loan,68500,46725,credit,2025-04-05,Mumbai,HDFC001,Rejected,671,Rejected,Closed
A12326,Ravi,69,Other,Current,61047,12579,credit,2022-10-24,Delhi,ICICI003,Pending,865,Verified,Active
A11155,Sara,60,Other,Credit,121719,33402,credit,2022-09-17,Unknown,AXIS004,Pending,572,Pending,Active
A11416,John,45,Male,Savings,68610,16901,credit,2023-03-23,Unknown,SBI002,Approved,612,Verified,Active
A10830,Amit,32,Other,Unknown,78537,-30128,debit,2025-03-22,Bangalore,Unknown,Rejected,896,Rejected,Closed
A11884,Unknown,65,Other,Savings,105525,-32248,debit,2023-08-17,Mumbai,Unknown,Rejected,742,Rejected,Active
A11193,John,33,Other,Current,79885,24106,credit,2023-11-07,Bangalore,HDFC001,Rejected,798,Verified,Closed
A11866,John,73,Male,Loan,5671,-6883,debit,2023-03-07,Mumbai,SBI002,Rejected,501,Rejected,Inactive
A10102,Sara,59,Female,Loan,86739,-18757,debit,2023-03-20,Delhi,ICICI003,Rejected,361,Pending,Inactive
A11628,Neha,62,Female,Current,160966,47455,credit,2023-09-07,Unknown,Unknown,Rejected,433,Pending,Inactive
A13167,Amit,21,Other,Current,75280,12718,credit,2025-02-07,Delhi,ICICI003,Approved,527,Verified,Active
A12156,Sara,52,Other,Unknown,89034,23176,credit,2021-07-23,Unknown,AXIS004,Rejected,427,Pending,Inactive
A10907,Ravi,27,Other,Unknown,8090,9709,credit,2023-03-04,Bangalore,ICICI003,Rejected,314,Pending,Inactive
A10930,Ravi,32,Other,Loan,129127,-913,debit,2024-04-12,Chennai,HDFC001,Approved,647,Verified,Active
A10091,Amit,37,Other,Credit,120946,-33773,debit,2022-01-19,Chennai,AXIS004,Rejected,550,Pending,Inactive
A11841,Amit,52,Female,Credit,113647,15816,credit,2024-04-13,Mumbai,AXIS004,Pending,516,Pending,Active
A10583,Neha,49,Other,Credit,150603,21610,credit,2021-02-17,Chennai,AXIS004,Pending,537,Verified,Active
A11447,John,41,Other,Unknown,61927,14720,credit,2025-11-11,Chennai,Unknown,Rejected,546,Pending,Inactive
A12918,John,33,Other,Unknown,67284,-7986,debit,2022-09-26,Pune,HDFC001,Rejected,587,Rejected,Inactive
A12935,Unknown,39,Other,Credit,138307,16903,credit,2025-07-11,Bangalore,Unknown,Rejected,413,Rejected,Dormant
A13130,John,47,Other,Credit,129866,38389,credit,2021-09-23,Unknown,HDFC001,Rejected,356,Rejected,Inactive
A11029,Ravi,40,Other,Current,104376,910,credit,2024-10-19,Unknown,Unknown,Rejected,322,Rejected,Inactive
A11097,Ravi,42,Female,Unknown,185886,85,credit,2022-09-06,Bangalore,AXIS004,Approved,314,Verified,Active
A11880,Neha,21,Other,Loan,26978,4725,credit,2021-03-22,Bangalore,SBI002,Rejected,424,Rejected,Inactive
A10140,Priya,27,Other,Credit,52327,-18644,debit,2023-02-16,Unknown,SBI002,Rejected,413,Rejected,Inactive
A12792,John,35,Other,Unknown,111781,24400,credit,2024-12-03,Unknown,AXIS004,Rejected,669,Rejected,Dormant
A11249,Ravi,18,Other,Current,29305,40111,credit,2025-06-29,Chennai,Unknown,Rejected,789,Rejected,Closed
A10718,Ravi,33,Female,Unknown,71840,-4150,debit,2021-09-08,Mumbai,AXIS004,Rejected,413,Verified,Dormant
A12029,Unknown,62,Female,Current,161252,-13109,debit,2023-12-20,Chennai,HDFC001,Approved,836,Verified,Active
A11028,John,42,Female,Unknown,41175,-34844,debit,2024-11-10,Unknown,Unknown,Rejected,337,Rejected,Active
A11942,John,32,Female,Savings,181219,-4643,debit,2025-10-07,Mumbai,Unknown,Approved,859,Verified,Active
A11716,Unknown,23,Female,Credit,21225,-36325,debit,2024-03-23,Unknown,HDFC001,Approved,826,Verified,Active
A12114,Sara,35,Other,Savings,97752,-2678,debit,2021-11-20,Bangalore,AXIS004,Rejected,789,Pending,Inactive
A13437,Amit,26,Other,Credit,62776,39558,credit,2025-04-15,Chennai,Unknown,Pending,397,Pending,Dormant
A12376,Amit,21,Other,Unknown,131349,-16975,debit,2025-09-07,Chennai,AXIS004,Rejected,354,Rejected,Inactive
A13333,Priya,66,Other,Loan,-2449,47736,credit,2021-07-24,Pune,ICICI003,Pending,424,Verified,Active
A10551,Amit,37,Female,Current,168282,33503,credit,2025-10-04,Unknown,AXIS004,Rejected,397,Verified,Dormant
A10335,Amit,36,Male,Unknown,16999,31043,credit,2021-11-04,Chennai,ICICI003,Rejected,766,Pending,Inactive
A13033,John,45,Male,Loan,143466,-2989,debit,2022-04-12,Mumbai,HDFC001,Rejected,716,Pending,Inactive
A10662,Amit,48,Female,Unknown,154724,-4680,debit,2022-07-24,Chennai,Unknown,Rejected,879,Rejected,Dormant
A12521,Amit,67,Female,Current,104228,24797,credit,2022-12-30,Delhi,AXIS004,Rejected,671,Pending,Dormant
A11241,Neha,19,Other,Unknown,72122,19186,credit,2025-06-18,Mumbai,ICICI003,Rejected,685,Rejected,Inactive
A10915,Amit,25,Other,Loan,54922,49268,credit,2024-08-27,Chennai,HDFC001,Rejected,536,Verified,Active
A10797,Amit,26,Other,Unknown,55109,-11693,debit,2021-11-06,Unknown,AXIS004,Approved,793,Verified,Active
A11801,Priya,49,Female,Credit,77421,-13822,debit,2022-02-04,Delhi,SBI002,Approved,774,Verified,Active
A13467,Amit,32,Female,Credit,112641,-40643,debit,2025-06-19,Unknown,HDFC001,Rejected,575,Rejected,Inactive
A12941,Amit,32,Other,Credit,151224,-2954,debit,2023-01-05,Bangalore,ICICI003,Rejected,691,Rejected,Inactive
A12147,Priya,38,Female,Current,124318,49457,credit,2022-06-15,Pune,AXIS004,Rejected,439,Pending,Inactive
A12919,John,36,Other,Credit,130153,10083,credit,2024-12-31,Bangalore,HDFC001,Pending,666,Verified,Active
A11279,Neha,65,Other,Savings,118414,15326,credit,2025-10-08,Unknown,ICICI003,Rejected,301,Rejected,Inactive
A10255,Ravi,53,Male,Credit,45073,26064,credit,2025-07-02,Unknown,HDFC001,Rejected,603,Rejected,Inactive
A11665,Unknown,62,Male,Credit,36499,1988,credit,2023-11-05,Unknown,ICICI003,Rejected,567,Rejected,Inactive
A12674,Priya,58,Female,Unknown,180021,-42612,debit,2024-03-06,Bangalore,Unknown,Rejected,677,Pending,Active
A12289,John,26,Other,Credit,31538,26287,credit,2025-01-30,Bangalore,Unknown,Pending,315,Pending,Active
A11335,Neha,49,Other,Current,42350,-1102,debit,2025-03-21,Chennai,SBI002,Rejected,783,Pending,Inactive
A11546,Priya,19,Other,Unknown,60654,-26124,debit,2024-09-19,Chennai,Unknown,Rejected,427,Rejected,Inactive
A11304,John,44,Other,Credit,71918,21508,credit,2022-05-18,Unknown,ICICI003,Rejected,385,Rejected,Inactive
A12559,Amit,45,Female,Unknown,165955,-17887,debit,2023-01-01,Unknown,AXIS004,Rejected,719,Rejected,Inactive
A11375,Ravi,18,Other,Unknown,58942,-17696,debit,2022-07-24,Unknown,AXIS004,Rejected,522,Rejected,Dormant
A11067,John,56,Female,Current,18198,25454,credit,2024-01-24,Chennai,AXIS004,Rejected,309,Rejected,Inactive
A10987,Amit,59,Other,Credit,198400,-45854,debit,2025-12-12,Pune,SBI002,Rejected,411,Verified,Active
A11677,Neha,49,Other,Loan,55220,46146,credit,2024-11-02,Pune,Unknown,Pending,622,Verified,Closed
A10974,Unknown,31,Other,Unknown,142087,19886,credit,2023-07-28,Bangalore,HDFC001,Rejected,681,Pending,Closed
A10055,Priya,29,Female,Credit,199307,5391,credit,2024-06-03,Bangalore,Unknown,Rejected,790,Rejected,Inactive
A12053,Neha,66,Other,Savings,113928,664,credit,2022-03-01,Delhi,Unknown,Pending,675,Verified,Active
A10407,Priya,53,Other,Credit,29272,31717,credit,2024-07-26,Bangalore,HDFC001,Rejected,822,Pending,Inactive
A12090,Amit,29,Female,Loan,68402,-37605,debit,2021-04-08,Bangalore,ICICI003,Pending,569,Pending,Dormant
A11639,Neha,67,Male,Savings,156949,4739,credit,2021-11-11,Delhi,HDFC001,Rejected,569,Pending,Inactive
A13121,Priya,65,Other,Savings,142149,39911,credit,2025-11-26,Mumbai,Unknown,Pending,468,Verified,Active
A11381,John,24,Male,Credit,35615,47731,credit,2024-02-08,Delhi,ICICI003,Rejected,379,Rejected,Inactive
A10870,Amit,33,Female,Unknown,65627,4674,credit,2023-11-19,Unknown,AXIS004,Approved,717,Verified,Active
A11611,Neha,68,Male,Unknown,101795,32637,credit,2025-11-09,Chennai,ICICI003,Rejected,325,Pending,Inactive
A11909,Priya,52,Other,Credit,175666,-36567,debit,2021-02-23,Unknown,AXIS004,Rejected,801,Pending,Inactive
A13000,John,68,Female,Loan,169059,38035,credit,2022-05-24,Unknown,HDFC001,Rejected,555,Rejected,Closed
A13499,Amit,63,Male,Loan,104190,6873,credit,2024-11-18,Pune,SBI002,Rejected,589,Rejected,Inactive
A10152,John,47,Male,Loan,14562,9782,credit,2025-02-17,Mumbai,AXIS004,Approved,786,Verified,Active
A13409,Neha,28,Female,Credit,107563,15541,credit,2021-07-02,Bangalore,AXIS004,Approved,797,Verified,Active
A11557,John,68,Other,Unknown,101972,43877,credit,2021-06-19,Delhi,Unknown,Rejected,663,Verified,Active
A12014,Amit,45,Male,Savings,-2911,-2180,debit,2023-07-10,Chennai,SBI002,Rejected,857,Rejected,Dormant
A13218,Ravi,28,Male,Loan,172869,-24374,debit,2025-06-24,Bangalore,SBI002,Pending,366,Pending,Active
A10063,Amit,25,Other,Credit,136028,9124,credit,2023-03-20,Bangalore,Unknown,Rejected,484,Pending,Inactive
A11369,John,44,Female,Unknown,145182,-7350,debit,2024-07-10,Unknown,Unknown,Rejected,787,Rejected,Closed
A11565,John,18,Other,Credit,28521,-8468,debit,2025-08-09,Unknown,ICICI003,Rejected,756,Verified,Closed
A13365,Neha,45,Female,Current,33548,39083,credit,2021-08-14,Pune,AXIS004,Rejected,821,Pending,Inactive
A12993,Neha,18,Other,Credit,81129,-10562,debit,2022-01-12,Unknown,AXIS004,Pending,847,Verified,Dormant
A11192,Amit,25,Male,Unknown,199571,44364,credit,2023-12-22,Mumbai,ICICI003,Pending,519,Pending,Active
A10497,Neha,49,Female,Loan,188635,40439,credit,2025-01-23,Chennai,HDFC001,Approved,653,Verified,Dormant
A12410,Ravi,50,Male,Loan,3974,-402,debit,2025-05-15,Mumbai,SBI002,Rejected,462,Rejected,Dormant
A13295,Neha,45,Other,Loan,25690,-3971,debit,2021-08-20,Unknown,Unknown,Pending,505,Pending,Active
A10103,Neha,25,Other,Unknown,190442,-5362,debit,2025-05-12,Unknown,Unknown,Rejected,337,Rejected,Inactive
A13339,John,47,Other,Unknown,2154,1086,credit,2025-09-29,Delhi,Unknown,Rejected,890,Pending,Inactive
A10312,Neha,38,Male,Credit,3168,3508,credit,2023-04-06,Bangalore,SBI002,Pending,367,Verified,Dormant
A12190,Neha,35,Other,Unknown,181768,-41133,debit,2021-04-28,Chennai,AXIS004,Rejected,624,Pending,Closed
A11312,Amit,28,Other,Unknown,73140,2984,credit,2024-10-29,Unknown,AXIS004,Rejected,588,Pending,Dormant
A12241,Amit,46,Other,Loan,155526,25841,credit,2021-06-19,Unknown,Unknown,Rejected,807,Rejected,Inactive
A11145,Sara,24,Male,Unknown,53529,23726,credit,2025-02-09,Mumbai,Unknown,Pending,722,Verified,Active
A10373,Amit,28,Other,Unknown,47021,6242,credit,2023-05-15,Bangalore,Unknown,Pending,438,Pending,Active
A10833,Amit,46,Male,Credit,21004,-2226,debit,2025-12-15,Unknown,AXIS004,Rejected,444,Rejected,Inactive
A12084,Amit,23,Female,Current,177254,-43832,debit,2021-01-10,Mumbai,AXIS004,Rejected,683,Pending,Active
A11786,Priya,22,Other,Savings,113096,11408,credit,2025-05-05,Unknown,ICICI003,Rejected,899,Rejected,Inactive
A12073,Sara,18,Other,Current,17582,18047,credit,2022-02-17,Bangalore,ICICI003,Approved,802,Verified,Active
A12120,Amit,19,Female,Current,60322,27353,credit,2023-07-26,Unknown,Unknown,Rejected,475,Pending,Inactive
A12098,Priya,35,Other,Credit,155910,17510,credit,2025-10-14,Bangalore,HDFC001,Pending,855,Verified,Active
A12572,John,42,Other,Unknown,20458,-8854,debit,2025-07-04,Chennai,HDFC001,Rejected,346,Pending,Inactive
A12968,Ravi,66,Other,Loan,169997,46244,credit,2021-11-26,Chennai,AXIS004,Rejected,415,Rejected,Active
A10147,Sara,50,Male,Unknown,158001,-4299,debit,2022-10-14,Bangalore,SBI002,Pending,883,Verified,Active
A11731,John,23,Female,Unknown,39850,1501,credit,2021-10-10,Unknown,Unknown,Rejected,413,Rejected,Inactive
A12442,Amit,21,Other,Credit,183601,11852,credit,2022-05-08,Bangalore,AXIS004,Approved,795,Verified,Active
A12567,Ravi,73,Other,Current,176921,40119,credit,2021-05-31,Chennai,Unknown,Rejected,360,Rejected,Inactive
A10948,John,19,Female,Credit,109441,-31932,debit,2024-05-09,Bangalore,Unknown,Rejected,470,Pending,Inactive
A13164,Ravi,65,Female,Savings,22592,-278,debit,2021-04-15,Bangalore,SBI002,Rejected,544,Rejected,Inactive
A12504,John,30,Male,Loan,113149,49175,credit,2021-02-23,Mumbai,AXIS004,Rejected,845,Pending,Inactive
A10046,Ravi,43,Female,Credit,147686,-42072,debit,2025-09-27,Unknown,AXIS004,Rejected,368,Rejected,Inactive
A11251,John,18,Female,Unknown,148132,44514,credit,2021-05-24,Mumbai,ICICI003,Rejected,486,Verified,Active
A10035,John,19,Other,Unknown,89875,18380,credit,2022-02-15,Bangalore,HDFC001,Pending,751,Pending,Closed
A12257,Amit,30,Female,Credit,160635,3788,credit,2024-04-13,Chennai,Unknown,Pending,704,Pending,Closed
A11175,John,48,Female,Current,184243,2369,credit,2025-04-15,Unknown,HDFC001,Rejected,811,Pending,Inactive
A12109,John,43,Female,Unknown,157552,-45477,debit,2023-06-27,Unknown,AXIS004,Rejected,424,Rejected,Inactive
A11653,Amit,18,Female,Credit,43083,19733,credit,2025-01-06,Unknown,HDFC001,Rejected,787,Pending,Inactive
A11205,Priya,46,Female,Loan,162736,-29084,debit,2021-07-07,Bangalore,HDFC001,Approved,552,Verified,Dormant
A10524,Priya,46,Male,Unknown,46659,17649,credit,2021-10-01,Unknown,AXIS004,Pending,677,Pending,Active
A11453,Unknown,46,Other,Unknown,84139,12959,credit,2023-01-24,Mumbai,HDFC001,Rejected,791,Pending,Inactive
A10506,Sara,29,Other,Unknown,20835,32147,credit,2024-08-19,Mumbai,Unknown,Rejected,743,Verified,Dormant
A11455,John,47,Other,Current,10428,28459,credit,2024-04-06,Delhi,AXIS004,Rejected,740,Rejected,Inactive
A12158,Priya,19,Male,Savings,25002,9454,credit,2024-04-27,Unknown,AXIS004,Approved,451,Verified,Active
A10679,John,46,Male,Unknown,91356,31287,credit,2021-05-16,Bangalore,HDFC001,Pending,366,Pending,Active
A11683,Neha,18,Other,Unknown,73389,-8882,debit,2022-12-11,Unknown,AXIS004,Rejected,784,Pending,Inactive
A11258,Unknown,62,Male,Loan,193095,-28552,debit,2024-06-28,Chennai,ICICI003,Rejected,347,Rejected,Inactive
A11901,John,68,Other,Unknown,155785,21572,credit,2022-06-14,Chennai,HDFC001,Rejected,637,Rejected,Inactive
A10946,John,45,Other,Current,78830,-36802,debit,2021-09-22,Bangalore,AXIS004,Pending,765,Verified,Active
A12987,Amit,54,Female,Unknown,39501,-16756,debit,2024-12-09,Unknown,AXIS004,Approved,837,Verified,Active
A10594,Amit,33,Female,Unknown,40627,5197,credit,2024-06-18,Unknown,Unknown,Rejected,642,Pending,Active
A11486,Amit,61,Male,Credit,69050,2718,credit,2023-06-13,Unknown,HDFC001,Rejected,344,Pending,Inactive
A12043,Ravi,70,Other,Current,150611,-4276,debit,2025-08-02,Bangalore,SBI002,Rejected,486,Rejected,Inactive
A11113,Ravi,30,Other,Unknown,74258,48849,credit,2024-10-10,Unknown,Unknown,Rejected,316,Pending,Dormant
A10101,Amit,36,Female,Unknown,44152,28815,credit,2023-01-19,Unknown,AXIS004,Rejected,325,Rejected,Inactive
A12424,John,31,Other,Credit,147160,-16935,debit,2025-02-28,Bangalore,AXIS004,Pending,561,Verified,Closed
A10184,Neha,43,Female,Unknown,109952,9025,credit,2021-03-03,Bangalore,Unknown,Rejected,424,Rejected,Inactive
A12632,Neha,56,Female,Unknown,21943,-21919,debit,2024-03-03,Chennai,Unknown,Rejected,668,Pending,Active
A12738,John,41,Female,Unknown,7218,-20838,debit,2021-01-30,Unknown,HDFC001,Approved,562,Verified,Active
A12082,Priya,25,Other,Current,36402,-18451,debit,2025-05-11,Bangalore,HDFC001,Rejected,450,Rejected,Inactive
A10986,Sara,37,Male,Current,7380,-41902,debit,2022-10-04,Pune,AXIS004,Rejected,532,Pending,Inactive
A10523,John,30,Male,Unknown,90087,-21285,debit,2024-02-02,Delhi,Unknown,Rejected,300,Rejected,Inactive
A12668,Ravi,19,Female,Loan,46483,16700,credit,2023-07-22,Unknown,Unknown,Rejected,500,Rejected,Inactive
A13211,Neha,28,Other,Current,10693,24640,credit,2024-03-28,Unknown,AXIS004,Rejected,413,Rejected,Inactive
A12408,Neha,58,Female,Loan,16908,-15025,debit,2021-03-20,Chennai,HDFC001,Rejected,629,Pending,Closed
A12468,John,22,Other,Credit,38365,-25058,debit,2023-02-16,Delhi,HDFC001,Rejected,466,Rejected,Inactive
A13249,John,33,Female,Credit,47369,45260,credit,2024-06-10,Bangalore,HDFC001,Pending,333,Pending,Active
A12001,John,39,Other,Current,96232,12419,credit,2024-01-23,Mumbai,Unknown,Pending,412,Pending,Dormant
A11247,John,37,Female,Credit,159952,-25147,debit,2024-02-29,Delhi,Unknown,Rejected,633,Rejected,Inactive
A11840,Amit,46,Male,Loan,177228,-6109,debit,2025-11-23,Unknown,AXIS004,Pending,658,Pending,Active
A10586,Neha,40,Other,Credit,110780,-28505,debit,2024-03-22,Bangalore,Unknown,Rejected,380,Pending,Dormant
A13211,Neha,28,Other,Current,96900,24871,credit,2025-02-20,Unknown,AXIS004,Rejected,546,Rejected,Inactive
A12653,John,42,Female,Savings,172674,-49568,debit,2021-10-26,Mumbai,ICICI003,Approved,800,Verified,Active
A11570,Priya,21,Other,Unknown,76464,-6795,debit,2025-01-14,Bangalore,Unknown,Rejected,493,Pending,Inactive
A10714,Priya,50,Female,Current,965,-16330,debit,2024-05-03,Bangalore,Unknown,Rejected,628,Pending,Active
A12801,Priya,25,Female,Credit,147634,1796,credit,2022-12-29,Pune,AXIS004,Rejected,415,Rejected,Inactive
A13367,Amit,38,Female,Unknown,195352,33515,credit,2022-09-07,Unknown,Unknown,Rejected,571,Pending,Inactive
A12416,Sara,53,Male,Unknown,190804,-973,debit,2021-05-05,Mumbai,Unknown,Rejected,396,Rejected,Dormant
A11546,Priya,19,Other,Unknown,157108,44996,credit,2025-06-23,Chennai,Unknown,Approved,696,Verified,Active
A10770,Amit,21,Other,Unknown,43075,12238,credit,2024-09-15,Unknown,Unknown,Rejected,633,Pending,Inactive
A11401,Neha,21,Other,Unknown,65055,-13627,debit,2022-06-27,Unknown,HDFC001,Pending,773,Verified,Active
A11007,Amit,22,Other,Unknown,36925,-1458,debit,2022-05-30,Delhi,Unknown,Rejected,726,Rejected,Active
A10075,John,21,Other,Credit,79209,-24111,debit,2022-03-09,Unknown,HDFC001,Rejected,543,Rejected,Inactive
A11966,John,27,Other,Current,66283,-34954,debit,2023-07-03,Unknown,HDFC001,Approved,625,Verified,Dormant
A13123,John,48,Female,Credit,34329,-9902,debit,2024-12-07,Chennai,AXIS004,Rejected,780,Rejected,Active
A12548,Amit,29,Male,Current,168796,-22283,debit,2022-02-08,Bangalore,Unknown,Approved,761,Verified,Active
A13163,Neha,24,Female,Credit,166197,-11623,debit,2022-05-13,Bangalore,Unknown,Rejected,492,Pending,Inactive
A12320,Neha,48,Female,Current,-1767,-26573,debit,2022-06-10,Unknown,HDFC001,Rejected,421,Rejected,Dormant
A13391,Neha,39,Other,Current,131710,12777,credit,2023-05-31,Unknown,HDFC001,Approved,694,Verified,Active
A12880,Amit,60,Other,Unknown,181526,-12007,debit,2023-12-29,Delhi,Unknown,Rejected,394,Rejected,Inactive
A10260,Unknown,19,Male,Credit,10846,-33501,debit,2021-06-22,Unknown,HDFC001,Rejected,868,Rejected,Inactive
A12563,Priya,68,Other,Credit,40915,14344,credit,2022-10-13,Pune,SBI002,Rejected,705,Rejected,Dormant
A10915,Amit,25,Other,Loan,58886,33011,credit,2022-12-14,Chennai,HDFC001,Approved,801,Verified,Active
A10593,Neha,18,Other,Credit,78041,43605,credit,2023-10-31,Delhi,HDFC001,Approved,425,Verified,Active
A13216,Neha,32,Other,Loan,18523,-48587,debit,2024-06-23,Bangalore,AXIS004,Pending,839,Verified,Dormant
A12430,Unknown,45,Other,Credit,154575,-13587,debit,2021-05-19,Chennai,ICICI003,Rejected,461,Rejected,Inactive
A12887,Sara,70,Female,Current,139852,18541,credit,2022-01-11,Mumbai,HDFC001,Pending,721,Pending,Dormant
A10664,Priya,31,Male,Credit,14414,44145,credit,2025-09-11,Chennai,AXIS004,Pending,663,Pending,Closed
A11291,Amit,26,Other,Unknown,99205,1256,credit,2022-07-19,Delhi,HDFC001,Rejected,815,Pending,Inactive
A10150,John,69,Female,Unknown,180039,45983,credit,2023-08-25,Unknown,AXIS004,Rejected,612,Rejected,Inactive
A11243,Amit,34,Other,Unknown,176044,-35895,debit,2023-08-07,Chennai,Unknown,Approved,312,Verified,Active
A10642,John,30,Other,Unknown,80073,-30297,debit,2025-08-29,Chennai,ICICI003,Rejected,407,Rejected,Inactive
A10904,Sara,20,Other,Loan,58967,-6475,debit,2025-05-20,Delhi,Unknown,Pending,825,Verified,Dormant
A11096,Neha,68,Other,Current,5355,29609,credit,2025-04-11,Chennai,ICICI003,Pending,559,Verified,Active
A11753,Neha,51,Male,Current,93648,7307,credit,2023-07-15,Mumbai,AXIS004,Rejected,505,Rejected,Inactive
A12342,John,49,Other,Unknown,7118,-48736,debit,2022-10-11,Unknown,Unknown,Rejected,332,Pending,Inactive
A11588,Amit,32,Female,Credit,122929,-5977,debit,2021-08-19,Delhi,Unknown,Rejected,893,Rejected,Inactive
A12392,Ravi,35,Female,Credit,197513,13068,credit,2023-02-14,Bangalore,AXIS004,Rejected,414,Rejected,Inactive
A13391,Neha,39,Other,Current,91891,6851,credit,2021-12-01,Unknown,HDFC001,Pending,562,Pending,Active
A12965,Neha,23,Female,Credit,180156,16933,credit,2025-11-22,Bangalore,SBI002,Rejected,622,Rejected,Inactive
A12564,Sara,25,Male,Unknown,102627,5452,credit,2021-11-02,Unknown,SBI002,Approved,888,Verified,Active
A12463,Priya,45,Male,Unknown,96329,10690,credit,2022-12-19,Unknown,Unknown,Rejected,765,Rejected,Closed
A10755,Amit,40,Other,Unknown,47397,46022,credit,2023-07-27,Chennai,Unknown,Pending,835,Verified,Dormant
A12251,John,26,Female,Unknown,32046,23925,credit,2023-09-22,Bangalore,AXIS004,Pending,891,Verified,Dormant
A12725,Neha,51,Female,Unknown,85815,-7748,debit,2024-05-17,Unknown,Unknown,Rejected,462,Rejected,Inactive
A11799,Amit,19,Other,Credit,16993,1780,credit,2023-10-04,Bangalore,AXIS004,Rejected,337,Rejected,Inactive
A11322,Ravi,25,Other,Current,7268,-45197,debit,2024-10-05,Unknown,HDFC001,Rejected,597,Rejected,Inactive
A12235,John,45,Female,Savings,111923,-15604,debit,2021-07-13,Mumbai,Unknown,Rejected,531,Pending,Closed
A12783,Amit,40,Female,Current,109054,-22349,debit,2023-12-17,Bangalore,HDFC001,Rejected,753,Pending,Inactive
A10310,John,29,Other,Current,127908,-17725,debit,2025-12-04,Mumbai,ICICI003,Rejected,461,Pending,Inactive
A11993,Amit,29,Other,Credit,186262,18410,credit,2025-07-09,Chennai,Unknown,Rejected,772,Pending,Inactive
A11459,John,57,Other,Current,197292,32862,credit,2023-01-31,Bangalore,AXIS004,Rejected,515,Rejected,Inactive
A12642,Priya,28,Other,Unknown,30222,38404,credit,2022-11-11,Unknown,SBI002,Rejected,455,Rejected,Dormant
A13155,Priya,26,Male,Current,197224,-4185,debit,2022-01-26,Chennai,Unknown,Rejected,809,Pending,Inactive
A11817,Priya,32,Male,Unknown,144270,45432,credit,2025-10-20,Pune,Unknown,Rejected,452,Pending,Inactive
A11849,Amit,23,Other,Current,196642,44610,credit,2022-12-18,Bangalore,Unknown,Rejected,890,Verified,Closed
A13269,Amit,36,Other,Unknown,-2899,31105,credit,2025-01-08,Unknown,HDFC001,Rejected,358,Rejected,Inactive
A12393,Neha,26,Other,Unknown,69033,41635,credit,2025-07-20,Unknown,Unknown,Pending,625,Pending,Inactive
A10301,Unknown,69,Other,Credit,128210,44628,credit,2021-07-13,Unknown,Unknown,Rejected,414,Verified,Active
A13439,John,18,Other,Credit,150048,21640,credit,2023-04-11,Chennai,HDFC001,Rejected,671,Pending,Active
A11624,Amit,34,Male,Credit,107631,-21806,debit,2023-05-12,Mumbai,Unknown,Rejected,621,Rejected,Inactive
A11971,John,22,Other,Unknown,47045,22774,credit,2022-04-20,Unknown,AXIS004,Rejected,445,Pending,Dormant
A11339,John,73,Other,Current,129920,-12452,debit,2021-07-07,Unknown,AXIS004,Rejected,381,Rejected,Inactive
A11964,John,63,Other,Credit,140711,39495,credit,2024-01-24,Bangalore,Unknown,Rejected,533,Verified,Dormant
A11178,Amit,38,Other,Credit,63093,12177,credit,2021-07-25,Unknown,AXIS004,Rejected,870,Pending,Inactive
A12677,John,19,Other,Unknown,15364,8986,credit,2021-08-28,Delhi,AXIS004,Rejected,432,Pending,Inactive
A12987,Amit,54,Female,Unknown,71760,-34497,debit,2022-06-12,Unknown,AXIS004,Pending,664,Pending,Active
A10633,Unknown,55,Other,Credit,65127,-25205,debit,2022-07-17,Delhi,AXIS004,Rejected,893,Pending,Inactive
A10416,Ravi,20,Male,Unknown,11023,1269,credit,2024-03-22,Delhi,HDFC001,Rejected,847,Pending,Inactive
A11822,Priya,31,Male,Loan,69533,-49950,debit,2024-08-05,Bangalore,HDFC001,Rejected,368,Rejected,Inactive
A11678,John,27,Female,Unknown,21633,12749,credit,2025-09-06,Chennai,Unknown,Rejected,461,Pending,Inactive
A13399,John,39,Female,Credit,11673,37064,credit,2022-01-06,Unknown,Unknown,Pending,307,Pending,Active
A10096,Amit,20,Other,Loan,15472,6688,credit,2023-04-19,Delhi,Unknown,Approved,824,Verified,Active
A11725,John,65,Male,Current,108121,9499,credit,2024-03-20,Delhi,AXIS004,Rejected,663,Pending,Dormant
A10513,Unknown,50,Female,Unknown,61434,48533,credit,2021-10-02,Bangalore,HDFC001,Rejected,510,Rejected,Inactive
A12479,John,22,Male,Unknown,50515,48036,credit,2022-05-10,Chennai,AXIS004,Pending,709,Pending,Closed
A13452,Priya,58,Other,Loan,194822,39440,credit,2021-12-03,Bangalore,Unknown,Rejected,643,Rejected,Inactive
A12413,John,24,Other,Unknown,17362,-602,debit,2023-04-08,Unknown,Unknown,Rejected,787,Pending,Inactive
A13190,Neha,19,Other,Savings,31611,32550,credit,2024-09-02,Chennai,HDFC001,Rejected,319,Pending,Inactive
A13243,Neha,35,Female,Unknown,184971,339,credit,2025-01-04,Chennai,Unknown,Pending,386,Pending,Dormant
A12522,Neha,72,Female,Current,90679,19545,credit,2021-01-11,Unknown,HDFC001,Rejected,348,Pending,Inactive
A11039,Neha,57,Other,Current,104111,-2113,debit,2023-12-05,Unknown,ICICI003,Approved,411,Verified,Active
A11226,John,70,Male,Current,153938,33225,credit,2023-08-02,Delhi,Unknown,Rejected,794,Pending,Inactive
A12133,Ravi,60,Male,Loan,122818,-48964,debit,2022-12-05,Unknown,AXIS004,Pending,636,Pending,Inactive
A10106,Neha,73,Other,Credit,86954,42063,credit,2021-04-10,Mumbai,AXIS004,Rejected,802,Pending,Inactive
A11630,John,24,Other,Current,118800,-9129,debit,2023-06-10,Unknown,HDFC001,Pending,840,Pending,Dormant
A10256,Amit,45,Male,Unknown,75568,-9020,debit,2024-05-23,Chennai,AXIS004,Rejected,391,Pending,Inactive
A11617,Amit,20,Male,Loan,111595,24370,credit,2023-04-22,Mumbai,SBI002,Approved,396,Verified,Active
A13258,Ravi,58,Female,Current,109602,-32780,debit,2023-04-22,Bangalore,HDFC001,Rejected,400,Rejected,Inactive
A13084,Unknown,30,Female,Unknown,66678,-44234,debit,2025-01-11,Unknown,ICICI003,Rejected,339,Pending,Inactive
A11243,Amit,34,Other,Unknown,134237,-32741,debit,2025-11-27,Chennai,Unknown,Rejected,493,Rejected,Dormant
A12859,Amit,21,Male,Credit,50684,41363,credit,2021-12-27,Delhi,SBI002,Rejected,677,Rejected,Dormant
A10950,Amit,40,Female,Current,139324,-30290,debit,2021-01-22,Delhi,AXIS004,Approved,777,Verified,Active
A12429,Neha,42,Other,Credit,76417,-6405,debit,2023-06-09,Chennai,HDFC001,Rejected,851,Rejected,Inactive
A10431,Amit,23,Other,Loan,79131,-3312,debit,2021-04-21,Chennai,Unknown,Rejected,589,Verified,Dormant
A10790,Amit,25,Other,Credit,183010,4257,credit,2025-06-23,Bangalore,AXIS004,Rejected,821,Pending,Inactive
A12847,Ravi,28,Female,Current,92660,24191,credit,2022-12-30,Mumbai,SBI002,Rejected,697,Rejected,Inactive
A10372,Neha,48,Other,Current,146171,-16042,debit,2025-01-17,Chennai,HDFC001,Rejected,375,Pending,Dormant
A13106,Neha,43,Other,Savings,151614,49141,credit,2022-07-05,Mumbai,Unknown,Approved,478,Verified,Dormant
A12018,John,36,Other,Unknown,132294,-10585,debit,2021-08-10,Bangalore,AXIS004,Approved,538,Verified,Active
A13396,Neha,26,Other,Savings,150416,21518,credit,2021-10-27,Bangalore,ICICI003,Rejected,838,Pending,Inactive
A10830,Amit,32,Other,Unknown,-3651,-4071,debit,2024-09-15,Bangalore,Unknown,Rejected,507,Rejected,Dormant
A12220,Priya,43,Other,Unknown,8896,15355,credit,2023-08-26,Unknown,Unknown,Rejected,347,Pending,Inactive
A10721,Neha,23,Other,Current,102176,44379,credit,2021-05-20,Pune,Unknown,Pending,882,Pending,Dormant
A12288,Priya,45,Female,Savings,4358,-4671,debit,2023-11-17,Mumbai,HDFC001,Approved,833,Verified,Active
A13439,John,18,Other,Credit,191360,-47079,debit,2022-09-05,Chennai,HDFC001,Rejected,565,Pending,Inactive
A10198,Unknown,51,Female,Unknown,153440,-2693,debit,2024-10-20,Chennai,HDFC001,Rejected,849,Rejected,Inactive
A10262,John,20,Female,Current,66280,22383,credit,2021-04-30,Delhi,SBI002,Rejected,835,Pending,Inactive
A11417,Unknown,27,Other,Credit,181403,-28483,debit,2021-10-22,Bangalore,SBI002,Rejected,793,Pending,Inactive
A10077,Ravi,32,Other,Unknown,189179,29567,credit,2023-01-29,Delhi,SBI002,Approved,818,Verified,Active
A11720,Neha,34,Other,Loan,179998,9875,credit,2023-04-29,Unknown,AXIS004,Rejected,585,Pending,Closed
A12441,Sara,40,Female,Loan,189774,28894,credit,2023-02-09,Bangalore,AXIS004,Pending,723,Pending,Active
A10469,Priya,52,Other,Current,54589,-12945,debit,2023-10-08,Delhi,Unknown,Rejected,325,Pending,Inactive
A11858,Neha,40,Other,Unknown,189685,16026,credit,2024-08-10,Unknown,Unknown,Pending,732,Pending,Active
A12569,Priya,23,Other,Savings,25208,7549,credit,2022-08-03,Delhi,AXIS004,Approved,742,Verified,Dormant
A11134,Ravi,21,Female,Current,61608,-5270,debit,2023-12-10,Unknown,HDFC001,Approved,892,Verified,Active
A13064,Neha,28,Female,Credit,69901,15757,credit,2025-07-01,Mumbai,ICICI003,Pending,730,Pending,Dormant
A11188,Neha,20,Other,Unknown,27352,49091,credit,2021-12-10,Mumbai,AXIS004,Approved,807,Verified,Active
A10284,Ravi,54,Other,Current,60464,39258,credit,2023-07-21,Unknown,ICICI003,Approved,700,Verified,Active
A11524,Neha,32,Other,Current,51199,-28553,debit,2025-06-30,Chennai,Unknown,Pending,580,Pending,Closed
A13136,Priya,45,Male,Current,43535,-1326,debit,2022-06-22,Bangalore,AXIS004,Rejected,440,Pending,Inactive
A10970,Amit,45,Female,Current,42646,-8990,debit,2025-12-10,Unknown,ICICI003,Rejected,469,Rejected,Inactive
A10892,Amit,18,Other,Loan,164329,21490,credit,2024-02-13,Mumbai,AXIS004,Pending,358,Pending,Active
A11165,Neha,39,Other,Current,162602,17091,credit,2021-12-16,Delhi,HDFC001,Rejected,455,Pending,Inactive
A13307,Ravi,60,Other,Loan,140137,9851,credit,2023-08-26,Unknown,ICICI003,Rejected,572,Rejected,Inactive
A11538,Neha,74,Other,Loan,42619,2912,credit,2024-05-13,Delhi,ICICI003,Rejected,592,Pending,Inactive
A12469,Amit,45,Other,Unknown,1340,43895,credit,2023-01-07,Bangalore,AXIS004,Pending,779,Pending,Closed
A13015,Neha,35,Female,Current,95010,-6390,debit,2021-03-14,Bangalore,Unknown,Rejected,552,Rejected,Active
A13159,Neha,26,Other,Credit,162577,41010,credit,2024-05-28,Bangalore,Unknown,Rejected,568,Rejected,Inactive
A11758,Amit,26,Other,Current,187338,45176,credit,2022-11-20,Chennai,Unknown,Rejected,561,Pending,Inactive
A11539,Unknown,21,Female,Unknown,43156,30656,credit,2025-03-11,Mumbai,ICICI003,Rejected,569,Pending,Inactive
A10111,Amit,26,Other,Current,138184,25605,credit,2025-04-15,Delhi,SBI002,Rejected,729,Pending,Closed
A12018,John,36,Other,Unknown,40105,-17597,debit,2025-04-02,Bangalore,AXIS004,Rejected,670,Rejected,Dormant
A12896,Sara,66,Male,Unknown,188457,-7259,debit,2021-03-29,Mumbai,Unknown,Approved,379,Verified,Active
A11779,Sara,39,Other,Unknown,148998,-2020,debit,2022-05-14,Chennai,AXIS004,Rejected,413,Rejected,Dormant
A10594,Amit,33,Female,Unknown,22243,39621,credit,2025-02-11,Unknown,Unknown,Rejected,593,Pending,Dormant
A10818,Priya,19,Other,Savings,177116,4533,credit,2022-09-24,Chennai,Unknown,Rejected,847,Rejected,Closed
A11981,Unknown,56,Female,Unknown,68418,4751,credit,2021-02-19,Bangalore,Unknown,Rejected,524,Pending,Inactive
A12538,John,36,Male,Credit,166361,48304,credit,2025-10-03,Unknown,AXIS004,Rejected,404,Rejected,Inactive
A10978,Priya,32,Other,Loan,162350,17027,credit,2021-09-30,Bangalore,ICICI003,Pending,667,Pending,Active
A10028,Priya,21,Other,Unknown,142189,7105,credit,2024-10-26,Unknown,Unknown,Approved,681,Verified,Active
A11827,Amit,42,Male,Savings,14419,6566,credit,2022-07-07,Delhi,ICICI003,Rejected,340,Rejected,Inactive
A10309,Unknown,73,Other,Savings,45804,1944,credit,2025-06-22,Delhi,AXIS004,Rejected,314,Rejected,Inactive
A13441,John,25,Female,Credit,198087,-32276,debit,2022-02-24,Bangalore,Unknown,Pending,727,Pending,Active
A11383,Priya,46,Other,Credit,87075,9277,credit,2023-06-14,Chennai,Unknown,Rejected,582,Pending,Closed
A11578,Ravi,39,Other,Unknown,14058,-16396,debit,2025-02-24,Delhi,ICICI003,Approved,600,Verified,Active
A10197,Sara,45,Male,Credit,86384,18067,credit,2025-01-28,Bangalore,AXIS004,Rejected,529,Pending,Inactive
A12588,Unknown,30,Other,Savings,7073,9154,credit,2022-09-12,Delhi,HDFC001,Rejected,734,Pending,Closed
A10127,Amit,43,Other,Current,179734,-6900,debit,2021-02-13,Chennai,HDFC001,Rejected,553,Pending,Inactive
A10171,Sara,22,Male,Credit,154418,-8828,debit,2024-01-21,Bangalore,HDFC001,Pending,830,Pending,Dormant
A11107,Amit,19,Other,Unknown,184141,-3267,debit,2025-08-26,Bangalore,AXIS004,Pending,792,Verified,Active
A10062,Amit,49,Other,Credit,29117,24279,credit,2021-05-21,Chennai,Unknown,Rejected,887,Pending,Inactive
A12890,John,72,Female,Loan,96780,-15469,debit,2024-01-03,Chennai,Unknown,Rejected,456,Rejected,Inactive
A13274,Ravi,28,Other,Credit,19477,23844,credit,2024-10-13,Pune,ICICI003,Rejected,302,Rejected,Inactive
A12697,Ravi,46,Female,Unknown,112729,20225,credit,2024-02-23,Mumbai,AXIS004,Rejected,337,Pending,Inactive
A11243,Amit,34,Other,Unknown,14257,-5969,debit,2022-04-05,Chennai,Unknown,Rejected,627,Pending,Closed
A10739,Neha,30,Female,Loan,37239,6833,credit,2022-09-01,Bangalore,HDFC001,Pending,882,Verified,Active
A12891,John,55,Other,Unknown,3754,9982,credit,2024-11-11,Mumbai,SBI002,Rejected,792,Pending,Inactive
A12912,Priya,23,Female,Loan,187332,-84,debit,2021-04-04,Unknown,HDFC001,Rejected,315,Rejected,Inactive
A10166,Amit,29,Other,Unknown,155870,-4294,debit,2024-06-30,Chennai,Unknown,Pending,393,Pending,Active
A12079,Ravi,69,Female,Current,17041,43344,credit,2024-12-05,Chennai,Unknown,Rejected,433,Rejected,Inactive
A13454,Priya,22,Female,Credit,139902,9856,credit,2021-03-22,Unknown,AXIS004,Rejected,816,Pending,Inactive
A11883,Ravi,35,Female,Current,123162,-3742,debit,2025-01-19,Unknown,HDFC001,Rejected,856,Pending,Inactive
A11849,Amit,23,Other,Current,36765,43649,credit,2022-05-05,Bangalore,Unknown,Rejected,382,Rejected,Inactive
A13093,Priya,32,Other,Unknown,133154,27303,credit,2025-06-15,Delhi,SBI002,Pending,521,Pending,Closed
A12419,Neha,57,Female,Credit,73577,11127,credit,2022-08-09,Unknown,HDFC001,Rejected,570,Rejected,Dormant
A10875,Priya,53,Other,Credit,104158,-24487,debit,2025-05-31,Unknown,HDFC001,Pending,390,Pending,Active
A12403,Sara,63,Other,Unknown,-1112,18027,credit,2023-08-22,Unknown,ICICI003,Pending,334,Pending,Inactive
A13241,Amit,73,Other,Current,66094,-10422,debit,2022-08-07,Mumbai,AXIS004,Rejected,324,Rejected,Inactive
A12298,Ravi,23,Male,Unknown,196650,-18040,debit,2021-04-28,Bangalore,HDFC001,Rejected,695,Pending,Active
A13325,Neha,60,Male,Loan,-4905,38569,credit,2023-11-26,Delhi,SBI002,Pending,466,Pending,Active
A12792,John,35,Other,Unknown,11070,24078,credit,2024-11-04,Unknown,AXIS004,Rejected,352,Rejected,Inactive
A11844,Ravi,49,Other,Credit,148965,7307,credit,2024-11-10,Delhi,AXIS004,Approved,581,Verified,Active
A10279,Ravi,61,Other,Unknown,191360,-4599,debit,2021-08-09,Unknown,HDFC001,Rejected,858,Rejected,Inactive
A11146,Amit,26,Male,Unknown,109619,-2248,debit,2025-12-25,Chennai,AXIS004,Rejected,740,Rejected,Dormant
A13309,Unknown,40,Other,Current,143605,15300,credit,2022-08-19,Mumbai,SBI002,Rejected,346,Rejected,Inactive
A10828,John,57,Other,Current,57110,3850,credit,2023-10-10,Pune,ICICI003,Rejected,490,Pending,Inactive
A10815,Amit,58,Male,Loan,7966,3104,credit,2024-12-06,Delhi,Unknown,Rejected,678,Rejected,Closed
A11679,Sara,52,Female,Loan,49238,-15458,debit,2023-01-29,Chennai,HDFC001,Pending,642,Verified,Closed
A11060,Amit,53,Other,Current,185329,28900,credit,2022-06-05,Bangalore,AXIS004,Rejected,428,Rejected,Inactive
A11985,Ravi,34,Male,Current,138261,-40063,debit,2022-11-16,Unknown,Unknown,Rejected,397,Verified,Active
A12654,Priya,54,Female,Unknown,100986,-24720,debit,2025-12-11,Delhi,Unknown,Rejected,327,Rejected,Inactive
A12021,Amit,20,Other,Credit,82166,-18799,debit,2024-08-30,Bangalore,Unknown,Approved,824,Verified,Active
A10810,Priya,49,Other,Unknown,151282,20593,credit,2025-05-15,Delhi,Unknown,Rejected,491,Verified,Dormant
A10512,Unknown,54,Male,Credit,124236,12947,credit,2025-10-25,Delhi,AXIS004,Approved,877,Verified,Active
A12950,Neha,67,Female,Savings,66097,-48995,debit,2022-07-10,Mumbai,HDFC001,Pending,701,Pending,Active
A10733,Sara,36,Female,Savings,161644,2061,credit,2025-08-18,Pune,Unknown,Rejected,391,Rejected,Inactive
A13139,Priya,64,Female,Loan,85423,31863,credit,2025-03-09,Chennai,AXIS004,Rejected,705,Rejected,Inactive
A10287,Priya,31,Female,Unknown,14163,43938,credit,2023-02-13,Unknown,ICICI003,Rejected,409,Rejected,Inactive
A12845,Amit,43,Female,Loan,2712,12277,credit,2023-10-06,Bangalore,Unknown,Rejected,363,Rejected,Inactive
A12064,John,43,Other,Current,18380,47300,credit,2022-02-17,Chennai,HDFC001,Rejected,850,Pending,Inactive
A11987,John,44,Other,Unknown,14621,20260,credit,2021-10-09,Bangalore,AXIS004,Pending,526,Pending,Active
A12330,Priya,59,Other,Unknown,83565,-766,debit,2025-06-08,Chennai,Unknown,Approved,769,Verified,Active
A11286,John,29,Female,Credit,8889,-594,debit,2022-03-28,Bangalore,Unknown,Rejected,731,Pending,Dormant
A10233,Priya,61,Female,Current,189302,-24,debit,2023-09-22,Pune,ICICI003,Rejected,743,Pending,Inactive
A10267,Neha,68,Male,Loan,172318,43436,credit,2021-08-18,Chennai,AXIS004,Approved,499,Verified,Active
A13409,Neha,28,Female,Credit,173189,-28810,debit,2022-06-16,Bangalore,AXIS004,Rejected,594,Rejected,Closed
A12871,Amit,18,Female,Current,83534,-12685,debit,2024-05-14,Mumbai,AXIS004,Rejected,642,Rejected,Inactive
A10893,Ravi,59,Other,Current,84975,-38969,debit,2025-09-11,Delhi,AXIS004,Rejected,376,Rejected,Inactive
A11323,John,35,Other,Unknown,163773,3959,credit,2025-01-10,Unknown,SBI002,Rejected,572,Pending,Closed
A12371,John,23,Other,Unknown,59993,11872,credit,2022-09-14,Bangalore,Unknown,Rejected,437,Pending,Inactive
A10532,Amit,51,Female,Credit,66337,47952,credit,2024-11-29,Delhi,ICICI003,Approved,581,Verified,Active
A10475,Priya,58,Other,Credit,57213,13968,credit,2023-01-04,Unknown,HDFC001,Pending,393,Verified,Dormant
A10511,John,32,Other,Savings,107030,32680,credit,2024-09-27,Mumbai,HDFC001,Pending,388,Pending,Active
A12679,Ravi,26,Other,Unknown,93288,22386,credit,2024-01-26,Chennai,HDFC001,Rejected,459,Rejected,Inactive
A11500,Neha,36,Other,Credit,2034,-8718,debit,2023-10-08,Chennai,SBI002,Rejected,308,Rejected,Inactive
A10270,John,45,Other,Loan,-3925,41709,credit,2023-06-16,Mumbai,Unknown,Approved,324,Verified,Active
A10270,John,45,Other,Loan,29406,24396,credit,2024-05-04,Mumbai,Unknown,Approved,839,Verified,Active
A12128,Unknown,69,Other,Unknown,-7,-827,debit,2022-02-14,Bangalore,SBI002,Rejected,554,Rejected,Inactive
A10447,John,50,Other,Credit,132995,10083,credit,2022-05-23,Unknown,AXIS004,Rejected,831,Pending,Inactive
A10373,Amit,28,Other,Unknown,188458,-24436,debit,2022-01-12,Bangalore,Unknown,Pending,501,Pending,Inactive
A10043,Neha,27,Female,Savings,31472,-4714,debit,2022-12-05,Mumbai,SBI002,Rejected,791,Rejected,Inactive
A13227,John,45,Male,Credit,145867,-11574,debit,2022-08-16,Unknown,Unknown,Rejected,729,Rejected,Active
A13430,Amit,23,Other,Unknown,13900,3106,credit,2024-08-22,Unknown,Unknown,Pending,787,Pending,Dormant
A10916,John,44,Female,Loan,46264,24,credit,2022-08-03,Bangalore,Unknown,Rejected,583,Verified,Closed
A11019,Ravi,31,Female,Credit,62583,-46810,debit,2025-09-28,Chennai,AXIS004,Rejected,840,Rejected,Dormant
A12583,Neha,30,Female,Savings,93541,-31150,debit,2025-10-03,Chennai,AXIS004,Pending,669,Pending,Active
A11314,Neha,51,Male,Current,170541,9592,credit,2022-01-09,Mumbai,HDFC001,Approved,875,Verified,Active
A13360,Neha,42,Other,Unknown,191902,29641,credit,2025-08-24,Chennai,Unknown,Rejected,380,Rejected,Inactive
A12881,Sara,30,Female,Current,134608,31001,credit,2025-07-01,Unknown,SBI002,Rejected,883,Rejected,Inactive
A11302,Ravi,69,Male,Savings,141329,-10034,debit,2024-11-01,Unknown,Unknown,Pending,659,Verified,Active
A12837,Unknown,46,Female,Unknown,8418,-14989,debit,2023-05-18,Pune,HDFC001,Rejected,794,Rejected,Inactive
A10441,Amit,66,Female,Current,92395,2268,credit,2021-07-04,Chennai,Unknown,Rejected,539,Rejected,Inactive
A12628,John,19,Other,Credit,197702,-11849,debit,2024-03-15,Chennai,Unknown,Rejected,429,Verified,Active
A11000,Amit,50,Female,Credit,38874,42870,credit,2024-07-31,Unknown,AXIS004,Rejected,658,Rejected,Inactive
A10792,Unknown,49,Male,Credit,170005,31305,credit,2021-03-02,Unknown,HDFC001,Rejected,630,Pending,Closed
A12390,Priya,50,Female,Loan,82733,-46578,debit,2022-01-14,Bangalore,ICICI003,Pending,782,Pending,Dormant
A12321,Amit,20,Other,Unknown,99433,-27826,debit,2021-10-04,Unknown,AXIS004,Rejected,366,Rejected,Inactive
A12821,Ravi,44,Male,Unknown,127440,4707,credit,2025-05-16,Delhi,Unknown,Rejected,842,Rejected,Inactive
A11249,Ravi,18,Other,Current,50480,26655,credit,2023-04-02,Chennai,Unknown,Rejected,411,Rejected,Inactive
A10342,Neha,35,Other,Current,21878,-11147,debit,2023-11-05,Unknown,SBI002,Rejected,695,Rejected,Inactive
A10250,Neha,65,Male,Unknown,121222,-47080,debit,2022-02-19,Chennai,Unknown,Rejected,565,Rejected,Inactive
A11802,Amit,22,Other,Current,173268,18143,credit,2023-08-04,Bangalore,AXIS004,Rejected,830,Rejected,Inactive
A12622,John,45,Other,Unknown,174283,44885,credit,2024-06-13,Delhi,HDFC001,Pending,376,Pending,Active
A11565,John,18,Other,Credit,5175,-6528,debit,2024-03-20,Unknown,ICICI003,Rejected,734,Rejected,Dormant
A10139,Amit,64,Female,Savings,185600,43332,credit,2023-10-23,Mumbai,ICICI003,Approved,862,Verified,Active
A12206,Neha,24,Male,Savings,35062,-34417,debit,2023-08-12,Bangalore,AXIS004,Rejected,890,Rejected,Inactive
A10327,Sara,33,Other,Loan,80756,-18003,debit,2023-11-20,Bangalore,Unknown,Rejected,588,Rejected,Inactive
A10990,Sara,39,Other,Current,61720,32286,credit,2021-04-29,Unknown,Unknown,Pending,581,Pending,Active
A12090,Amit,29,Female,Loan,20750,30545,credit,2022-05-01,Bangalore,ICICI003,Pending,521,Pending,Active
A12375,Amit,21,Female,Unknown,192904,-39997,debit,2023-06-24,Delhi,Unknown,Approved,707,Verified,Active
A10665,Sara,71,Female,Credit,95511,1165,credit,2021-06-07,Pune,Unknown,Rejected,641,Pending,Closed
A10492,Amit,18,Other,Credit,103228,21285,credit,2022-02-24,Unknown,HDFC001,Rejected,417,Pending,Inactive
A10822,John,41,Other,Unknown,40118,-2103,debit,2024-12-21,Unknown,Unknown,Rejected,527,Rejected,Inactive
A11142,Neha,29,Other,Loan,23944,-15330,debit,2021-02-12,Mumbai,HDFC001,Rejected,346,Rejected,Inactive
A10339,Amit,68,Other,Credit,145477,-13799,debit,2023-12-02,Unknown,AXIS004,Rejected,441,Verified,Active
A12073,Sara,18,Other,Current,105810,-32616,debit,2022-08-16,Bangalore,ICICI003,Rejected,705,Verified,Active
A12221,Ravi,31,Male,Unknown,45168,-11491,debit,2021-12-10,Unknown,HDFC001,Rejected,552,Rejected,Inactive
A11401,Neha,21,Other,Unknown,109208,48304,credit,2023-07-01,Unknown,HDFC001,Rejected,475,Rejected,Inactive
A10490,Unknown,22,Male,Loan,97598,2556,credit,2024-01-09,Chennai,ICICI003,Approved,577,Verified,Dormant
A13203,Ravi,32,Other,Unknown,45557,25036,credit,2022-01-03,Unknown,Unknown,Rejected,539,Pending,Inactive
A10884,Amit,43,Female,Unknown,121181,34054,credit,2022-03-02,Bangalore,ICICI003,Rejected,558,Pending,Inactive
A13028,Neha,20,Other,Savings,88912,-36729,debit,2022-03-05,Delhi,AXIS004,Rejected,815,Pending,Inactive
A10851,Ravi,26,Male,Credit,132993,23016,credit,2024-01-04,Chennai,Unknown,Rejected,465,Rejected,Inactive
A12297,Neha,53,Other,Savings,148588,-1444,debit,2023-06-06,Mumbai,SBI002,Rejected,845,Rejected,Inactive
A12597,Priya,60,Female,Unknown,53837,-11070,debit,2021-11-28,Unknown,Unknown,Approved,794,Verified,Active
A12209,Amit,22,Female,Savings,117132,17145,credit,2022-09-29,Pune,Unknown,Rejected,471,Verified,Active
A12492,John,20,Other,Unknown,58311,11085,credit,2022-05-07,Chennai,AXIS004,Rejected,640,Pending,Dormant
A10876,Amit,54,Other,Current,14807,-17135,debit,2022-10-17,Mumbai,Unknown,Rejected,468,Rejected,Inactive
A11543,Ravi,20,Other,Unknown,131236,-549,debit,2021-08-06,Chennai,SBI002,Rejected,760,Rejected,Active
A13004,John,30,Other,Credit,97190,17467,credit,2023-08-30,Chennai,HDFC001,Rejected,431,Rejected,Inactive
A12213,Ravi,43,Other,Current,113903,22012,credit,2024-01-07,Unknown,HDFC001,Rejected,515,Pending,Inactive
A13066,Priya,42,Other,Loan,135087,15649,credit,2022-11-23,Delhi,SBI002,Rejected,499,Pending,Inactive
A10354,Amit,51,Female,Current,54865,-19058,debit,2025-03-21,Mumbai,AXIS004,Rejected,372,Rejected,Inactive
A12320,Neha,48,Female,Current,114684,-18430,debit,2025-06-23,Unknown,HDFC001,Rejected,528,Rejected,Inactive
A11709,Sara,66,Other,Unknown,123325,-3376,debit,2023-04-12,Chennai,ICICI003,Pending,396,Verified,Dormant
A11512,Amit,62,Male,Current,58902,-5714,debit,2021-11-19,Unknown,Unknown,Rejected,630,Rejected,Inactive
A13239,John,53,Female,Current,99166,-2209,debit,2025-04-07,Bangalore,AXIS004,Rejected,537,Pending,Closed
A11857,Ravi,74,Female,Loan,113402,-7552,debit,2024-08-17,Chennai,Unknown,Approved,383,Verified,Active
A12249,Neha,53,Other,Current,152601,27706,credit,2023-12-13,Chennai,SBI002,Rejected,372,Rejected,Inactive
A12135,John,27,Male,Current,107930,-15251,debit,2024-02-09,Unknown,Unknown,Approved,379,Verified,Active
A11348,Ravi,37,Other,Current,16327,19862,credit,2023-05-01,Unknown,AXIS004,Rejected,785,Pending,Inactive
A12328,Priya,22,Other,Savings,28314,48541,credit,2024-06-21,Delhi,AXIS004,Rejected,620,Pending,Inactive
A11030,Neha,29,Female,Unknown,186328,-24464,debit,2023-07-13,Bangalore,SBI002,Rejected,515,Pending,Inactive
A11394,John,35,Female,Unknown,150139,-4652,debit,2022-06-06,Bangalore,Unknown,Approved,370,Verified,Active
A10767,Neha,44,Female,Credit,46770,-11443,debit,2024-08-22,Unknown,AXIS004,Pending,384,Pending,Inactive
A13288,Sara,27,Other,Savings,130092,34237,credit,2023-09-09,Unknown,AXIS004,Rejected,425,Verified,Dormant
A12109,John,43,Female,Unknown,79202,-15856,debit,2022-11-29,Unknown,AXIS004,Rejected,795,Rejected,Inactive
A13060,Neha,27,Male,Loan,70833,25301,credit,2023-05-14,Chennai,Unknown,Rejected,750,Rejected,Inactive
A13259,John,46,Other,Unknown,89659,-25163,debit,2023-11-10,Unknown,HDFC001,Rejected,574,Pending,Inactive
A12506,Amit,43,Female,Savings,85965,6604,credit,2025-06-18,Delhi,Unknown,Approved,351,Verified,Active
A10797,Amit,26,Other,Unknown,76700,-3489,debit,2025-01-09,Unknown,AXIS004,Rejected,866,Rejected,Closed
A11263,Sara,22,Other,Credit,183349,34030,credit,2024-11-02,Pune,ICICI003,Rejected,453,Rejected,Inactive
A11016,Ravi,48,Other,Unknown,85298,26636,credit,2021-08-02,Chennai,HDFC001,Approved,816,Verified,Active
A10028,Priya,21,Other,Unknown,18110,-12484,debit,2021-06-16,Unknown,Unknown,Approved,322,Verified,Active
A13224,John,26,Other,Credit,145905,-13446,debit,2021-05-22,Unknown,Unknown,Rejected,738,Pending,Closed
A13459,John,71,Other,Credit,179693,47840,credit,2025-10-03,Unknown,Unknown,Rejected,398,Rejected,Inactive
A10466,Neha,41,Female,Current,187526,38587,credit,2022-12-08,Bangalore,Unknown,Rejected,723,Pending,Dormant
A11685,Amit,37,Female,Credit,23369,31911,credit,2023-11-23,Chennai,Unknown,Rejected,726,Pending,Active
A13334,John,38,Other,Credit,183766,40589,credit,2022-06-02,Pune,Unknown,Rejected,526,Pending,Inactive
A12132,Amit,71,Male,Loan,159923,18157,credit,2024-08-12,Bangalore,SBI002,Rejected,578,Pending,Inactive
A11301,Priya,61,Male,Loan,153572,-25108,debit,2023-03-22,Chennai,ICICI003,Rejected,625,Rejected,Inactive
A13355,Sara,70,Other,Unknown,154330,27351,credit,2021-02-20,Delhi,AXIS004,Rejected,494,Rejected,Inactive
A12970,John,34,Female,Loan,160216,44321,credit,2022-09-16,Bangalore,HDFC001,Rejected,542,Rejected,Inactive
A10448,Amit,49,Female,Unknown,195288,8291,credit,2021-12-21,Bangalore,HDFC001,Rejected,553,Pending,Inactive
A12414,Amit,56,Female,Current,7765,-13928,debit,2025-05-30,Unknown,HDFC001,Rejected,821,Pending,Inactive
A12435,John,19,Female,Unknown,161966,15965,credit,2024-02-05,Unknown,HDFC001,Rejected,382,Rejected,Inactive
A11845,Priya,19,Other,Unknown,146575,-16896,debit,2024-02-29,Pune,HDFC001,Approved,582,Verified,Active
A12853,Sara,63,Other,Unknown,482,17395,credit,2024-02-11,Bangalore,HDFC001,Approved,403,Verified,Active
A12055,Amit,48,Other,Loan,162991,42005,credit,2024-03-23,Chennai,HDFC001,Pending,562,Pending,Active
A11400,John,18,Other,Unknown,36951,23722,credit,2022-02-23,Unknown,Unknown,Approved,569,Verified,Dormant
A13408,Unknown,70,Male,Unknown,51368,-17004,debit,2025-05-22,Bangalore,Unknown,Approved,652,Verified,Dormant
A12699,John,55,Other,Unknown,187150,-12815,debit,2021-05-20,Chennai,HDFC001,Rejected,580,Verified,Closed
A12028,Neha,45,Other,Unknown,42190,40144,credit,2022-11-07,Unknown,AXIS004,Rejected,740,Rejected,Closed
A12434,Unknown,19,Other,Credit,-2973,9400,credit,2023-01-18,Unknown,AXIS004,Approved,514,Verified,Dormant
A13382,Unknown,23,Other,Current,14808,-36363,debit,2025-05-20,Pune,Unknown,Approved,376,Verified,Active
A11541,Neha,32,Female,Unknown,106489,-17340,debit,2024-04-26,Bangalore,AXIS004,Pending,880,Pending,Closed
A12833,Amit,27,Other,Unknown,172661,9056,credit,2022-05-04,Mumbai,SBI002,Pending,437,Verified,Active
A11925,Amit,33,Other,Current,90892,-48789,debit,2021-03-10,Unknown,AXIS004,Approved,372,Verified,Active
A12894,Priya,21,Other,Credit,15109,-2660,debit,2022-11-05,Delhi,Unknown,Rejected,741,Pending,Dormant
A11105,Ravi,48,Female,Credit,72118,48998,credit,2024-01-03,Pune,SBI002,Rejected,786,Pending,Inactive
A11257,John,41,Female,Current,21566,13818,credit,2025-03-23,Delhi,HDFC001,Rejected,417,Verified,Dormant
A10110,John,35,Other,Current,128477,12261,credit,2021-09-07,Unknown,AXIS004,Pending,341,Pending,Dormant
A12668,Ravi,19,Female,Loan,55990,3137,credit,2023-07-12,Unknown,Unknown,Rejected,364,Rejected,Inactive
A11054,Neha,65,Other,Loan,95528,-16784,debit,2021-05-12,Bangalore,Unknown,Rejected,645,Pending,Dormant
A11795,Ravi,51,Other,Unknown,52122,32778,credit,2023-02-07,Chennai,ICICI003,Approved,846,Verified,Active
A10128,Ravi,66,Other,Savings,73053,-25498,debit,2024-04-01,Chennai,HDFC001,Approved,870,Verified,Active
A11885,Priya,24,Female,Savings,92766,17818,credit,2023-04-25,Mumbai,HDFC001,Approved,401,Verified,Active
A12348,Amit,24,Other,Loan,112716,35049,credit,2024-03-30,Unknown,ICICI003,Rejected,884,Rejected,Closed
A12732,John,39,Female,Current,102501,21576,credit,2025-04-21,Mumbai,SBI002,Rejected,439,Rejected,Inactive
A11260,Priya,35,Male,Unknown,1690,-49212,debit,2024-07-01,Delhi,Unknown,Rejected,305,Pending,Inactive
A12675,Priya,61,Other,Unknown,137643,-14878,debit,2022-06-21,Pune,Unknown,Rejected,627,Pending,Closed
A13005,Amit,45,Other,Unknown,138710,26536,credit,2024-12-30,Unknown,AXIS004,Rejected,659,Rejected,Inactive
A12302,Amit,25,Other,Current,191778,-9467,debit,2021-05-02,Bangalore,AXIS004,Rejected,492,Rejected,Inactive
A13072,John,32,Other,Current,114681,1913,credit,2024-01-29,Mumbai,Unknown,Rejected,586,Pending,Active
A12461,John,30,Other,Unknown,173694,-7796,debit,2024-12-20,Unknown,Unknown,Approved,685,Verified,Active
A11627,Priya,25,Male,Current,75028,-735,debit,2025-06-28,Bangalore,AXIS004,Approved,638,Verified,Dormant
A10930,Ravi,32,Other,Loan,26564,31591,credit,2021-06-16,Chennai,HDFC001,Approved,362,Verified,Active
A11010,Amit,55,Male,Current,143671,15543,credit,2025-08-15,Delhi,Unknown,Rejected,670,Pending,Inactive
A13059,Amit,22,Male,Unknown,176579,44451,credit,2024-10-04,Pune,SBI002,Rejected,861,Pending,Inactive
A11252,Sara,49,Male,Credit,89954,43725,credit,2025-09-17,Unknown,HDFC001,Rejected,586,Pending,Dormant
A11211,Amit,26,Female,Savings,74540,23748,credit,2021-09-24,Mumbai,SBI002,Approved,849,Verified,Active
A11045,Priya,53,Female,Credit,135661,-10760,debit,2021-06-16,Delhi,AXIS004,Approved,780,Verified,Active
A10063,Amit,25,Other,Credit,139460,-10609,debit,2023-01-27,Bangalore,Unknown,Rejected,425,Pending,Inactive
A11758,Amit,26,Other,Current,76647,-19463,debit,2024-09-12,Chennai,Unknown,Rejected,894,Pending,Inactive
A11637,John,74,Female,Loan,174248,8999,credit,2025-07-12,Unknown,Unknown,Approved,808,Verified,Active
A12705,Neha,21,Female,Unknown,62973,3824,credit,2021-02-19,Bangalore,Unknown,Rejected,855,Pending,Inactive
A13110,Amit,61,Other,Loan,18854,35511,credit,2023-04-16,Chennai,AXIS004,Approved,416,Verified,Active
A11743,John,35,Female,Unknown,106351,38454,credit,2024-09-30,Bangalore,AXIS004,Rejected,614,Rejected,Inactive
A12945,Priya,40,Female,Loan,176076,-16851,debit,2023-02-19,Chennai,Unknown,Rejected,870,Rejected,Inactive
A12191,Ravi,35,Female,Unknown,120455,27874,credit,2023-03-08,Unknown,AXIS004,Rejected,544,Pending,Inactive
A13049,Ravi,40,Other,Savings,31723,48003,credit,2024-04-19,Delhi,Unknown,Approved,817,Verified,Active
A12774,Neha,54,Male,Savings,161380,37472,credit,2021-12-16,Delhi,ICICI003,Rejected,383,Pending,Inactive
A11773,Sara,23,Female,Unknown,97720,-4630,debit,2024-01-24,Unknown,AXIS004,Pending,770,Verified,Dormant
A11260,Priya,35,Male,Unknown,51729,33726,credit,2022-03-22,Delhi,Unknown,Rejected,810,Pending,Inactive
A11973,John,18,Other,Current,10719,9537,credit,2025-12-10,Bangalore,HDFC001,Rejected,519,Pending,Inactive
A13478,Neha,58,Other,Loan,164320,19153,credit,2021-11-04,Delhi,Unknown,Rejected,633,Rejected,Closed
A11485,John,63,Other,Unknown,99639,19817,credit,2021-03-04,Unknown,Unknown,Rejected,497,Pending,Inactive
A12674,Priya,58,Female,Unknown,63645,-39242,debit,2023-07-09,Bangalore,Unknown,Rejected,558,Pending,Inactive
A13247,Neha,37,Other,Loan,133013,-40572,debit,2021-10-22,Bangalore,SBI002,Rejected,469,Pending,Inactive
A11730,Priya,36,Male,Unknown,153121,16846,credit,2025-03-14,Delhi,HDFC001,Rejected,862,Pending,Inactive
A10267,Neha,68,Male,Loan,158147,14217,credit,2023-03-11,Chennai,AXIS004,Pending,644,Pending,Inactive
A11929,Sara,40,Female,Savings,101409,-23621,debit,2023-02-09,Unknown,Unknown,Rejected,473,Rejected,Active
A12546,Amit,21,Male,Credit,-814,45366,credit,2022-05-04,Unknown,Unknown,Rejected,729,Rejected,Inactive
A12856,Neha,51,Female,Unknown,20222,6754,credit,2022-05-20,Chennai,ICICI003,Rejected,663,Pending,Closed
A10947,John,18,Female,Unknown,6990,23352,credit,2021-11-12,Chennai,Unknown,Rejected,501,Pending,Inactive
A10047,Ravi,50,Male,Current,126436,-9690,debit,2025-01-08,Unknown,AXIS004,Rejected,369,Rejected,Inactive
A10772,Ravi,23,Other,Credit,34197,16613,credit,2022-01-11,Unknown,Unknown,Rejected,644,Rejected,Inactive
A11930,Amit,36,Male,Unknown,47186,7589,credit,2022-11-25,Unknown,AXIS004,Approved,776,Verified,Active
A12302,Amit,25,Other,Current,128707,-43110,debit,2021-04-26,Bangalore,AXIS004,Rejected,836,Rejected,Inactive
A10646,Sara,23,Female,Savings,150637,8301,credit,2024-01-23,Unknown,AXIS004,Rejected,545,Verified,Active
A13446,Ravi,33,Female,Unknown,98857,14990,credit,2022-11-11,Chennai,HDFC001,Rejected,472,Rejected,Inactive
A13400,Priya,35,Other,Current,-3840,8852,credit,2022-01-13,Unknown,AXIS004,Rejected,583,Rejected,Inactive
A13464,Priya,60,Male,Credit,51682,-17481,debit,2025-10-30,Bangalore,SBI002,Approved,325,Verified,Active
A12248,John,29,Other,Loan,13861,23231,credit,2025-02-22,Bangalore,Unknown,Rejected,444,Rejected,Inactive
A10492,Amit,18,Other,Credit,132193,38397,credit,2023-03-17,Unknown,HDFC001,Rejected,332,Pending,Inactive
A10018,Neha,51,Other,Loan,143640,16028,credit,2021-04-04,Bangalore,Unknown,Approved,394,Verified,Active
A11026,John,52,Female,Unknown,85522,18427,credit,2023-11-16,Delhi,AXIS004,Rejected,347,Pending,Inactive
A12245,Neha,21,Male,Unknown,185735,-22534,debit,2024-02-16,Unknown,HDFC001,Rejected,561,Rejected,Inactive
A13293,Neha,64,Other,Loan,89898,12021,credit,2024-12-25,Unknown,ICICI003,Rejected,340,Pending,Inactive
A10505,Unknown,74,Female,Loan,113992,5091,credit,2024-08-25,Unknown,AXIS004,Rejected,446,Rejected,Inactive
A11253,Sara,20,Other,Unknown,26305,33147,credit,2025-06-15,Bangalore,Unknown,Rejected,656,Rejected,Dormant
A11636,Amit,74,Male,Loan,197631,-15366,debit,2024-08-11,Delhi,SBI002,Approved,475,Verified,Active
A10362,John,21,Other,Unknown,-3493,31099,credit,2021-04-26,Unknown,HDFC001,Rejected,798,Rejected,Inactive
A12205,Amit,34,Female,Savings,6648,40182,credit,2021-09-14,Pune,Unknown,Rejected,542,Pending,Inactive
A11179,Amit,24,Other,Credit,57448,-35916,debit,2024-10-22,Unknown,Unknown,Rejected,612,Pending,Dormant
A12705,Neha,21,Female,Unknown,171032,19897,credit,2022-09-16,Bangalore,Unknown,Rejected,438,Pending,Inactive
A10442,Priya,27,Other,Unknown,157784,-15403,debit,2024-02-09,Bangalore,AXIS004,Rejected,742,Pending,Inactive
A10395,John,27,Other,Unknown,179718,11686,credit,2022-03-14,Unknown,Unknown,Approved,694,Verified,Active
A13377,Neha,32,Male,Credit,30911,-18920,debit,2024-09-10,Mumbai,Unknown,Approved,311,Verified,Active
A11352,John,40,Female,Current,57744,14211,credit,2025-09-24,Unknown,Unknown,Rejected,308,Pending,Inactive
A10344,Amit,70,Other,Loan,158472,-8051,debit,2025-12-28,Bangalore,AXIS004,Rejected,445,Rejected,Inactive
A11539,Unknown,21,Female,Unknown,24450,-7807,debit,2021-07-22,Mumbai,ICICI003,Rejected,309,Pending,Inactive
A11648,Priya,60,Male,Loan,88750,-9105,debit,2023-04-13,Delhi,AXIS004,Rejected,777,Pending,Inactive
A12059,Sara,53,Other,Unknown,109418,-16524,debit,2022-03-23,Mumbai,HDFC001,Approved,770,Verified,Active
A10131,Priya,69,Other,Unknown,82435,17136,credit,2021-10-03,Unknown,ICICI003,Rejected,661,Pending,Active
A13044,Priya,56,Other,Current,159844,23235,credit,2022-03-10,Delhi,HDFC001,Rejected,426,Rejected,Inactive
A11980,John,60,Male,Loan,122422,40900,credit,2025-07-23,Delhi,HDFC001,Rejected,886,Rejected,Inactive
A11959,Ravi,40,Female,Unknown,56869,4400,credit,2022-12-05,Unknown,AXIS004,Rejected,499,Pending,Inactive
A11534,John,50,Other,Unknown,89548,17276,credit,2022-01-09,Bangalore,Unknown,Rejected,406,Rejected,Dormant
A12005,Amit,63,Other,Loan,62552,15768,credit,2022-04-26,Unknown,ICICI003,Rejected,399,Pending,Inactive
A10157,Unknown,72,Female,Credit,38250,-9607,debit,2024-11-28,Delhi,ICICI003,Pending,370,Verified,Dormant
A12997,John,47,Female,Credit,184718,-19092,debit,2023-03-18,Bangalore,Unknown,Rejected,708,Rejected,Inactive
A10067,Neha,45,Female,Credit,105833,-10428,debit,2024-08-26,Unknown,AXIS004,Rejected,628,Rejected,Inactive
A11592,Neha,34,Male,Loan,47061,27308,credit,2022-09-08,Delhi,AXIS004,Rejected,735,Pending,Inactive
A12251,John,26,Female,Unknown,121807,-16060,debit,2024-12-25,Bangalore,AXIS004,Pending,558,Pending,Dormant
A13447,Priya,38,Female,Savings,82103,48579,credit,2022-09-27,Bangalore,HDFC001,Approved,467,Verified,Dormant
A11103,Sara,57,Male,Savings,80621,-48461,debit,2023-01-27,Mumbai,AXIS004,Rejected,730,Pending,Active
A12349,Amit,21,Female,Credit,11818,6911,credit,2025-11-14,Chennai,AXIS004,Pending,365,Pending,Inactive
A10602,Priya,60,Male,Unknown,177455,1340,credit,2021-04-23,Chennai,Unknown,Rejected,632,Pending,Dormant
A12127,Amit,33,Other,Unknown,144829,-22356,debit,2022-08-26,Bangalore,Unknown,Rejected,685,Pending,Inactive
A13297,Amit,50,Other,Credit,74898,48125,credit,2025-01-09,Bangalore,ICICI003,Rejected,898,Rejected,Inactive
A11035,Ravi,23,Other,Credit,27550,36889,credit,2021-03-14,Chennai,Unknown,Pending,686,Pending,Active
A12181,Unknown,67,Other,Unknown,55323,34650,credit,2023-07-14,Unknown,ICICI003,Rejected,872,Pending,Inactive
A10926,John,66,Other,Unknown,60325,44728,credit,2025-04-08,Unknown,AXIS004,Pending,741,Pending,Closed
A13258,Ravi,58,Female,Current,19485,-5759,debit,2021-08-15,Bangalore,HDFC001,Rejected,504,Rejected,Inactive
A11604,Neha,49,Other,Loan,120985,-12520,debit,2021-11-07,Unknown,SBI002,Rejected,577,Rejected,Inactive
A10315,Sara,39,Other,Savings,16403,7221,credit,2024-09-21,Pune,HDFC001,Approved,518,Verified,Active
A10544,John,18,Male,Unknown,126371,40562,credit,2024-01-01,Unknown,AXIS004,Rejected,306,Rejected,Inactive
A13243,Neha,35,Female,Unknown,119222,10729,credit,2025-05-21,Chennai,Unknown,Pending,464,Pending,Inactive
A10637,John,19,Male,Credit,106147,15656,credit,2025-12-26,Mumbai,Unknown,Rejected,616,Rejected,Closed
A13388,John,18,Male,Current,108444,47379,credit,2021-11-19,Chennai,ICICI003,Rejected,657,Pending,Inactive
A10557,Sara,55,Male,Credit,81120,-14705,debit,2022-01-28,Pune,AXIS004,Rejected,364,Rejected,Inactive
A12333,Priya,19,Other,Credit,172709,8354,credit,2021-10-31,Bangalore,ICICI003,Pending,348,Pending,Inactive
A10250,Neha,65,Male,Unknown,136984,25627,credit,2022-10-30,Chennai,Unknown,Rejected,592,Rejected,Inactive
A11179,Amit,24,Other,Credit,9594,-25075,debit,2024-11-28,Unknown,Unknown,Rejected,805,Pending,Inactive
A10795,Ravi,26,Other,Unknown,54596,-23941,debit,2021-08-17,Mumbai,SBI002,Rejected,412,Pending,Inactive
A11053,Neha,28,Other,Unknown,138127,16295,credit,2025-01-30,Unknown,SBI002,Rejected,666,Rejected,Inactive
A10126,Neha,46,Male,Current,-2355,734,credit,2024-12-14,Bangalore,ICICI003,Rejected,335,Rejected,Inactive
A12120,Amit,19,Female,Current,8808,304,credit,2025-02-28,Unknown,Unknown,Rejected,424,Pending,Inactive
A11099,Priya,31,Other,Credit,13311,-34033,debit,2022-05-12,Bangalore,HDFC001,Rejected,331,Rejected,Inactive
A12145,Priya,45,Female,Unknown,45655,35374,credit,2023-07-28,Bangalore,Unknown,Rejected,551,Pending,Inactive
A13278,Neha,39,Male,Credit,117179,-43485,debit,2024-06-26,Chennai,AXIS004,Rejected,886,Pending,Inactive
A13339,John,47,Other,Unknown,135218,22906,credit,2024-02-26,Delhi,Unknown,Rejected,702,Pending,Closed
A11782,Amit,29,Other,Unknown,171424,-44476,debit,2021-01-08,Bangalore,Unknown,Approved,565,Verified,Active
A12080,Amit,27,Other,Credit,197194,-33655,debit,2025-07-07,Unknown,Unknown,Rejected,476,Rejected,Inactive
A11714,Ravi,35,Male,Unknown,16044,-32580,debit,2022-09-14,Delhi,ICICI003,Rejected,317,Pending,Inactive
A13112,Priya,44,Other,Credit,162628,7780,credit,2023-05-31,Mumbai,AXIS004,Rejected,889,Rejected,Inactive
A11222,Amit,23,Other,Loan,37177,43309,credit,2025-10-31,Delhi,HDFC001,Rejected,455,Pending,Inactive
A12334,Sara,61,Other,Current,46341,9657,credit,2025-11-25,Unknown,AXIS004,Rejected,543,Pending,Inactive
A11686,Sara,40,Other,Unknown,97430,11861,credit,2024-01-25,Pune,AXIS004,Rejected,739,Rejected,Inactive
A11147,John,22,Other,Unknown,194375,494,credit,2022-06-01,Unknown,AXIS004,Rejected,403,Verified,Active
A11315,Ravi,74,Other,Current,54448,-3599,debit,2022-03-30,Chennai,HDFC001,Rejected,533,Rejected,Inactive
A10468,Unknown,27,Male,Loan,44201,15573,credit,2024-11-16,Pune,SBI002,Rejected,395,Pending,Inactive
A13012,Sara,39,Other,Loan,43988,14438,credit,2021-10-07,Bangalore,Unknown,Rejected,515,Rejected,Inactive
A11599,Unknown,61,Other,Credit,80221,-3163,debit,2023-08-07,Unknown,HDFC001,Rejected,378,Rejected,Inactive
A10772,Ravi,23,Other,Credit,150232,30972,credit,2021-08-09,Unknown,Unknown,Rejected,398,Rejected,Inactive
A10689,John,74,Male,Loan,7059,-4850,debit,2021-11-10,Pune,HDFC001,Rejected,448,Pending,Dormant
A10884,Amit,43,Female,Unknown,119580,43801,credit,2025-05-22,Bangalore,ICICI003,Rejected,586,Pending,Inactive
A11181,Ravi,33,Female,Unknown,6346,45703,credit,2025-12-02,Bangalore,Unknown,Rejected,896,Rejected,Active
A11727,Priya,30,Other,Credit,78769,37454,credit,2024-09-10,Mumbai,Unknown,Rejected,754,Rejected,Inactive
A12877,Sara,68,Female,Credit,32580,-6780,debit,2025-02-07,Pune,HDFC001,Rejected,305,Rejected,Inactive
A10603,Amit,36,Other,Current,107853,5271,credit,2025-03-30,Mumbai,ICICI003,Rejected,706,Pending,Closed
A13283,Ravi,23,Female,Current,114269,15799,credit,2025-04-12,Unknown,SBI002,Pending,640,Pending,Closed
A10360,John,24,Male,Unknown,10781,-12615,debit,2024-06-14,Mumbai,Unknown,Rejected,340,Rejected,Inactive
A12138,Neha,44,Male,Credit,164515,-9395,debit,2022-10-04,Delhi,ICICI003,Approved,542,Verified,Active
A10585,John,31,Male,Savings,191864,-48493,debit,2025-04-08,Bangalore,HDFC001,Rejected,475,Rejected,Inactive
A11970,Amit,34,Other,Credit,76001,16640,credit,2023-12-15,Delhi,Unknown,Pending,831,Pending,Dormant
A12271,Priya,30,Female,Savings,193597,-8739,debit,2023-02-02,Bangalore,HDFC001,Approved,601,Verified,Active
A11809,Amit,20,Other,Current,76242,40253,credit,2021-02-16,Chennai,HDFC001,Rejected,739,Pending,Closed
A11735,Unknown,38,Male,Savings,62981,3720,credit,2022-08-08,Bangalore,HDFC001,Rejected,451,Pending,Inactive
A13059,Amit,22,Male,Unknown,143494,3544,credit,2021-01-06,Pune,SBI002,Rejected,517,Pending,Inactive
A12851,Amit,18,Other,Savings,27402,-13212,debit,2021-07-16,Unknown,AXIS004,Approved,709,Verified,Active
A10201,John,30,Female,Unknown,79475,-19737,debit,2025-11-25,Bangalore,Unknown,Approved,890,Verified,Active
A11756,Unknown,53,Other,Current,78880,-36798,debit,2022-10-15,Pune,AXIS004,Rejected,420,Rejected,Inactive
A12096,Ravi,40,Other,Savings,78333,-39411,debit,2022-02-07,Mumbai,Unknown,Rejected,379,Rejected,Inactive
A10375,Amit,35,Other,Credit,125814,17323,credit,2025-02-27,Bangalore,AXIS004,Rejected,611,Pending,Dormant
A13015,Neha,35,Female,Current,79598,32484,credit,2023-01-08,Bangalore,Unknown,Rejected,601,Rejected,Inactive
A12677,John,19,Other,Unknown,186240,-4957,debit,2021-05-11,Delhi,AXIS004,Rejected,809,Pending,Inactive
A12627,Amit,48,Other,Loan,27504,1429,credit,2024-10-05,Mumbai,HDFC001,Rejected,554,Pending,Inactive
A12366,John,60,Other,Savings,138587,2910,credit,2025-01-11,Chennai,AXIS004,Pending,705,Pending,Inactive
A13016,Amit,63,Male,Savings,117638,13489,credit,2024-08-20,Pune,ICICI003,Rejected,650,Rejected,Inactive
A12341,Amit,21,Other,Unknown,64995,-16192,debit,2024-10-01,Chennai,HDFC001,Rejected,706,Pending,Dormant
A13077,Ravi,30,Other,Loan,26411,-49726,debit,2025-08-26,Pune,ICICI003,Rejected,767,Rejected,Dormant
A10055,Priya,29,Female,Credit,76865,33700,credit,2022-03-19,Bangalore,Unknown,Rejected,330,Rejected,Inactive
A11454,Amit,69,Other,Loan,96741,35805,credit,2024-03-19,Pune,AXIS004,Rejected,470,Pending,Inactive
A12086,John,43,Other,Unknown,163041,-43326,debit,2023-06-12,Chennai,AXIS004,Pending,870,Verified,Active
A10561,Ravi,67,Male,Current,12040,-49540,debit,2025-04-03,Unknown,Unknown,Pending,717,Pending,Active
A12312,Ravi,35,Male,Current,60130,-24238,debit,2023-07-12,Bangalore,ICICI003,Rejected,705,Pending,Closed
A11217,Neha,34,Other,Credit,-118,-40467,debit,2023-01-31,Unknown,SBI002,Pending,432,Pending,Inactive
A11346,Ravi,18,Male,Loan,100774,14743,credit,2021-08-17,Mumbai,AXIS004,Approved,416,Verified,Active
A11086,John,72,Male,Current,39381,-14997,debit,2021-04-18,Mumbai,AXIS004,Rejected,451,Rejected,Active
A12064,John,43,Other,Current,68714,-315,debit,2021-06-07,Chennai,HDFC001,Rejected,876,Pending,Inactive
A11213,Sara,33,Other,Credit,131641,-13069,debit,2022-01-16,Chennai,Unknown,Rejected,636,Pending,Dormant
A10194,Priya,45,Male,Credit,158815,34565,credit,2022-04-05,Delhi,AXIS004,Rejected,501,Pending,Inactive
A13339,John,47,Other,Unknown,140877,43505,credit,2021-08-13,Delhi,Unknown,Rejected,785,Pending,Inactive
A12463,Priya,45,Male,Unknown,175017,23146,credit,2021-03-29,Unknown,Unknown,Pending,319,Pending,Active
A13466,Amit,28,Female,Credit,95643,5943,credit,2024-01-13,Bangalore,ICICI003,Pending,620,Pending,Active
A10020,Amit,26,Other,Loan,69436,17179,credit,2023-02-08,Pune,SBI002,Rejected,431,Rejected,Inactive
A11124,John,46,Other,Unknown,629,41838,credit,2025-12-19,Bangalore,AXIS004,Rejected,725,Pending,Dormant
A11806,Ravi,42,Female,Loan,156601,21020,credit,2022-10-31,Pune,ICICI003,Rejected,348,Rejected,Inactive
A10052,Priya,38,Male,Loan,139118,47376,credit,2021-10-17,Bangalore,SBI002,Rejected,580,Pending,Dormant
A10455,Priya,62,Male,Unknown,142989,-19973,debit,2024-04-21,Unknown,SBI002,Rejected,685,Pending,Closed
A11925,Amit,33,Other,Current,156123,13924,credit,2023-10-01,Unknown,AXIS004,Approved,635,Verified,Active
A13342,Priya,48,Male,Savings,-4486,20389,credit,2023-02-05,Delhi,ICICI003,Rejected,610,Rejected,Inactive
A11650,John,31,Female,Credit,20231,-2199,debit,2024-03-16,Delhi,Unknown,Pending,814,Verified,Active
A10750,John,34,Female,Unknown,178995,8652,credit,2021-09-14,Bangalore,Unknown,Rejected,612,Pending,Dormant
A13023,Sara,54,Female,Loan,37997,43784,credit,2021-02-08,Unknown,AXIS004,Rejected,789,Rejected,Inactive
A10819,Sara,74,Other,Savings,71474,46903,credit,2023-05-01,Bangalore,SBI002,Rejected,733,Rejected,Inactive
A13104,Priya,27,Other,Credit,68978,38804,credit,2023-09-14,Chennai,HDFC001,Rejected,720,Rejected,Inactive
A10407,Priya,53,Other,Credit,122527,1402,credit,2022-11-23,Bangalore,HDFC001,Rejected,649,Pending,Inactive
A11785,Neha,49,Male,Credit,169996,11536,credit,2022-12-09,Delhi,ICICI003,Rejected,559,Rejected,Inactive
A10859,Amit,45,Other,Credit,159128,43703,credit,2025-11-29,Chennai,HDFC001,Rejected,871,Rejected,Inactive
A10774,Priya,27,Other,Loan,85328,-16987,debit,2021-06-17,Delhi,Unknown,Rejected,711,Rejected,Inactive
A11737,Amit,27,Female,Unknown,75802,7331,credit,2024-04-11,Pune,HDFC001,Rejected,439,Rejected,Inactive
A12168,Ravi,34,Other,Current,34739,-2092,debit,2022-02-20,Unknown,Unknown,Rejected,565,Pending,Inactive
A11089,Priya,43,Male,Savings,164398,-3404,debit,2023-10-29,Mumbai,ICICI003,Rejected,504,Rejected,Inactive
A11099,Priya,31,Other,Credit,10092,-18210,debit,2021-06-08,Bangalore,HDFC001,Pending,585,Pending,Inactive
A10855,Neha,51,Other,Current,78688,35052,credit,2024-10-30,Unknown,ICICI003,Rejected,733,Pending,Inactive
A12556,Sara,66,Other,Savings,53505,19453,credit,2022-06-25,Bangalore,AXIS004,Rejected,541,Pending,Inactive
A11734,Amit,25,Other,Unknown,58531,27573,credit,2021-07-02,Bangalore,AXIS004,Rejected,324,Rejected,Inactive
A12856,Neha,51,Female,Unknown,120453,47508,credit,2024-08-21,Chennai,ICICI003,Rejected,457,Pending,Inactive
A11060,Amit,53,Other,Current,58689,39473,credit,2025-12-06,Bangalore,AXIS004,Approved,710,Verified,Active
A10908,Neha,18,Female,Savings,10188,30359,credit,2021-08-07,Bangalore,AXIS004,Rejected,890,Rejected,Inactive
A10931,Amit,53,Other,Unknown,78789,37596,credit,2021-05-14,Delhi,Unknown,Rejected,477,Rejected,Inactive
A10062,Amit,49,Other,Credit,37742,-26259,debit,2025-12-03,Chennai,Unknown,Rejected,665,Pending,Closed
A11477,Neha,37,Female,Current,116997,4957,credit,2024-06-23,Unknown,AXIS004,Pending,631,Verified,Closed
A11854,Priya,30,Other,Current,199276,1053,credit,2023-11-26,Bangalore,ICICI003,Approved,846,Verified,Active
A10442,Priya,27,Other,Unknown,186180,16516,credit,2024-12-05,Bangalore,AXIS004,Rejected,382,Pending,Inactive
A10588,Unknown,30,Other,Unknown,111181,3693,credit,2024-02-14,Delhi,HDFC001,Pending,597,Pending,Active
A12432,Amit,34,Other,Current,167666,-31927,debit,2021-02-22,Delhi,AXIS004,Rejected,643,Rejected,Inactive
A11025,Ravi,53,Female,Current,86429,15143,credit,2023-05-20,Delhi,SBI002,Rejected,528,Rejected,Inactive
A11748,John,23,Other,Loan,170182,3975,credit,2021-03-22,Unknown,HDFC001,Approved,324,Verified,Active
A10717,Ravi,55,Other,Savings,154177,11797,credit,2022-03-18,Bangalore,ICICI003,Rejected,524,Rejected,Inactive
A11626,John,51,Other,Unknown,140255,33854,credit,2023-09-23,Delhi,Unknown,Rejected,574,Rejected,Inactive
A11136,Unknown,53,Female,Unknown,116317,-6404,debit,2023-01-15,Bangalore,AXIS004,Rejected,467,Rejected,Inactive
A13179,Unknown,23,Male,Unknown,167388,11662,credit,2022-06-09,Chennai,Unknown,Rejected,735,Rejected,Dormant
A11173,Unknown,44,Other,Current,85389,5720,credit,2023-07-14,Mumbai,Unknown,Rejected,629,Pending,Dormant
A11614,Amit,31,Other,Unknown,85118,49450,credit,2023-02-13,Pune,Unknown,Pending,877,Verified,Active
A11293,Amit,67,Other,Savings,69339,47075,credit,2023-02-10,Pune,Unknown,Approved,326,Verified,Dormant
A11000,Amit,50,Female,Credit,194490,3016,credit,2021-02-20,Unknown,AXIS004,Rejected,521,Rejected,Inactive
A13139,Priya,64,Female,Loan,183149,12074,credit,2021-07-04,Chennai,AXIS004,Rejected,849,Rejected,Inactive
A11897,Unknown,30,Other,Current,181662,11004,credit,2024-07-02,Chennai,AXIS004,Approved,830,Verified,Active
A12449,Amit,53,Other,Unknown,38539,20818,credit,2023-02-22,Unknown,HDFC001,Rejected,647,Pending,Active
A12309,Amit,27,Female,Unknown,148348,-16771,debit,2024-01-11,Unknown,AXIS004,Rejected,347,Pending,Inactive
A10026,Ravi,53,Female,Current,46920,-17930,debit,2021-04-01,Unknown,AXIS004,Pending,669,Pending,Closed
A12751,John,22,Female,Current,166217,35175,credit,2025-07-11,Unknown,AXIS004,Rejected,867,Pending,Inactive
A11435,John,19,Male,Unknown,64286,-46696,debit,2021-09-18,Unknown,Unknown,Rejected,311,Pending,Inactive
A11773,Sara,23,Female,Unknown,161477,15026,credit,2021-06-24,Unknown,AXIS004,Rejected,710,Pending,Dormant
A10525,Neha,41,Other,Loan,74230,34896,credit,2022-06-05,Bangalore,HDFC001,Rejected,488,Rejected,Inactive
A12861,Neha,37,Other,Unknown,95075,-38025,debit,2024-05-09,Chennai,Unknown,Approved,529,Verified,Active
A10568,Priya,43,Female,Current,148518,6345,credit,2022-06-16,Delhi,HDFC001,Pending,749,Verified,Closed
A10058,Priya,72,Male,Unknown,37661,15840,credit,2021-01-16,Mumbai,Unknown,Rejected,467,Rejected,Inactive
A13089,Sara,33,Female,Credit,92561,-23411,debit,2024-03-17,Bangalore,Unknown,Rejected,696,Rejected,Inactive
A11238,Unknown,21,Female,Savings,17029,19153,credit,2024-10-26,Mumbai,ICICI003,Rejected,648,Verified,Active
A12911,Priya,62,Female,Savings,20557,17224,credit,2025-07-13,Bangalore,AXIS004,Rejected,641,Rejected,Inactive
A13033,John,45,Male,Loan,134557,-6727,debit,2022-06-15,Mumbai,HDFC001,Rejected,450,Rejected,Inactive
A12268,Neha,43,Female,Savings,112034,-7067,debit,2022-05-01,Mumbai,HDFC001,Approved,844,Verified,Active
A13277,Priya,32,Female,Credit,197472,-9981,debit,2025-01-26,Chennai,Unknown,Rejected,398,Rejected,Inactive
A10391,Priya,67,Male,Loan,146130,-696,debit,2022-10-27,Mumbai,AXIS004,Rejected,588,Pending,Inactive
A12330,Priya,59,Other,Unknown,140337,46058,credit,2022-03-23,Chennai,Unknown,Pending,536,Pending,Dormant
A12321,Amit,20,Other,Unknown,111694,-3812,debit,2024-06-30,Unknown,AXIS004,Rejected,457,Pending,Inactive
A12756,Neha,28,Female,Credit,-4666,-14773,debit,2022-03-30,Mumbai,AXIS004,Rejected,594,Rejected,Inactive
A11579,Amit,26,Other,Credit,26985,19799,credit,2025-05-06,Unknown,HDFC001,Pending,682,Pending,Active
A12479,John,22,Male,Unknown,138182,-2827,debit,2021-01-10,Chennai,AXIS004,Rejected,868,Rejected,Closed
A12173,Ravi,38,Female,Unknown,138402,-45808,debit,2023-11-18,Bangalore,Unknown,Rejected,380,Rejected,Inactive
A11372,Sara,30,Other,Unknown,120651,38413,credit,2021-04-01,Bangalore,AXIS004,Rejected,880,Pending,Inactive
A12054,Unknown,35,Other,Loan,81937,47187,credit,2025-10-10,Delhi,Unknown,Rejected,474,Pending,Inactive
A10903,John,33,Other,Unknown,10198,44720,credit,2022-12-19,Bangalore,Unknown,Rejected,714,Rejected,Inactive
A12741,Ravi,27,Other,Credit,146588,-12106,debit,2025-12-08,Mumbai,AXIS004,Rejected,521,Rejected,Inactive
A11528,John,23,Other,Unknown,161838,21862,credit,2025-03-28,Mumbai,HDFC001,Pending,339,Pending,Inactive
A12074,Ravi,20,Other,Loan,196274,-25464,debit,2021-04-10,Mumbai,HDFC001,Rejected,867,Pending,Inactive
A10715,Ravi,19,Male,Unknown,98958,-8959,debit,2023-11-05,Mumbai,HDFC001,Rejected,498,Pending,Inactive
A11117,John,74,Other,Current,70329,-22979,debit,2021-08-31,Bangalore,HDFC001,Rejected,465,Verified,Dormant
A10433,Priya,53,Female,Credit,197603,36664,credit,2025-01-12,Unknown,AXIS004,Rejected,517,Pending,Inactive
A10477,Amit,37,Other,Credit,189970,-250,debit,2025-01-21,Delhi,Unknown,Approved,864,Verified,Active
A12935,Unknown,39,Other,Credit,159816,38443,credit,2024-12-29,Bangalore,Unknown,Rejected,426,Rejected,Inactive
A12488,Neha,38,Other,Loan,130376,2998,credit,2024-10-21,Delhi,ICICI003,Rejected,750,Rejected,Inactive
A10439,Amit,41,Female,Loan,184253,387,credit,2022-08-01,Pune,AXIS004,Pending,717,Pending,Closed
A10732,Priya,46,Other,Loan,83202,-28856,debit,2021-07-16,Delhi,Unknown,Rejected,735,Rejected,Inactive
A10151,Neha,29,Other,Current,19523,-19865,debit,2025-08-19,Chennai,AXIS004,Rejected,655,Rejected,Inactive
A12745,Amit,36,Other,Unknown,165212,6169,credit,2024-08-26,Bangalore,HDFC001,Pending,591,Pending,Active
A11673,Neha,73,Other,Current,125467,10820,credit,2021-11-06,Pune,Unknown,Rejected,514,Rejected,Inactive
A12688,Unknown,52,Other,Credit,43880,-2934,debit,2021-04-11,Pune,Unknown,Approved,890,Verified,Active
A10403,Priya,51,Other,Credit,121012,-10490,debit,2024-05-20,Unknown,Unknown,Pending,741,Pending,Inactive
A12503,John,24,Other,Unknown,142158,36799,credit,2023-02-21,Chennai,Unknown,Rejected,589,Rejected,Active
A13122,Ravi,36,Male,Credit,123480,11635,credit,2025-02-05,Bangalore,Unknown,Rejected,875,Rejected,Inactive
A12598,Unknown,38,Other,Unknown,59953,-2375,debit,2023-10-07,Bangalore,AXIS004,Rejected,749,Rejected,Inactive
A13011,Sara,61,Female,Loan,87640,-25246,debit,2021-06-25,Pune,Unknown,Approved,479,Verified,Dormant
A11788,Amit,47,Other,Unknown,66757,31945,credit,2025-08-12,Unknown,ICICI003,Pending,588,Pending,Inactive
A13486,Amit,48,Other,Loan,177675,-8362,debit,2022-01-20,Chennai,HDFC001,Approved,790,Verified,Active
A11976,John,27,Male,Unknown,70605,6187,credit,2023-12-01,Pune,SBI002,Rejected,463,Verified,Dormant
A11918,Neha,70,Other,Loan,16239,-21541,debit,2025-02-11,Delhi,SBI002,Rejected,384,Rejected,Inactive
A10645,Neha,45,Female,Current,141154,-4904,debit,2023-05-17,Bangalore,ICICI003,Pending,837,Pending,Dormant
A10059,Sara,41,Other,Savings,32444,-12100,debit,2024-04-04,Mumbai,Unknown,Rejected,383,Verified,Dormant
A11498,John,19,Other,Current,10233,19644,credit,2025-10-31,Unknown,Unknown,Rejected,301,Pending,Inactive
A10445,Neha,46,Female,Loan,157695,17082,credit,2025-02-22,Bangalore,Unknown,Approved,354,Verified,Active
A11823,John,21,Other,Unknown,12962,-33923,debit,2021-04-21,Unknown,ICICI003,Rejected,400,Pending,Dormant
A10966,Amit,24,Female,Credit,118978,-28468,debit,2022-07-03,Unknown,AXIS004,Approved,886,Verified,Active
A12393,Neha,26,Other,Unknown,150414,322,credit,2022-04-28,Unknown,Unknown,Pending,860,Pending,Dormant
A13275,Sara,46,Male,Credit,188161,-12131,debit,2024-03-14,Bangalore,ICICI003,Rejected,568,Pending,Inactive
A11681,Neha,47,Other,Unknown,154964,-44189,debit,2022-09-05,Bangalore,AXIS004,Rejected,737,Pending,Active
A13103,Unknown,49,Male,Unknown,68467,41693,credit,2024-08-28,Pune,AXIS004,Rejected,888,Rejected,Active
A10671,John,34,Female,Current,2980,-13690,debit,2024-10-01,Chennai,AXIS004,Rejected,508,Pending,Inactive
A10084,Ravi,38,Other,Loan,162145,13769,credit,2025-03-09,Unknown,AXIS004,Rejected,803,Rejected,Inactive
A10090,Neha,55,Other,Unknown,-3162,-8231,debit,2022-09-18,Delhi,AXIS004,Rejected,623,Verified,Dormant
A11063,Sara,65,Male,Credit,171019,-47339,debit,2025-11-29,Unknown,Unknown,Rejected,555,Verified,Dormant
A10757,Amit,57,Other,Credit,165234,42677,credit,2025-12-20,Chennai,Unknown,Pending,541,Pending,Active
A12226,John,54,Male,Loan,147005,49493,credit,2024-05-13,Unknown,SBI002,Pending,676,Pending,Active
A11610,Priya,61,Other,Current,83154,45230,credit,2024-08-30,Delhi,AXIS004,Rejected,358,Verified,Dormant
A12342,John,49,Other,Unknown,11648,-11669,debit,2022-02-25,Unknown,Unknown,Rejected,501,Pending,Inactive
A12628,John,19,Other,Credit,41124,15468,credit,2022-04-16,Chennai,Unknown,Approved,775,Verified,Active
A12427,John,42,Male,Credit,2253,41994,credit,2025-02-23,Pune,ICICI003,Approved,525,Verified,Active
A10551,Amit,37,Female,Current,177917,15013,credit,2022-03-10,Unknown,AXIS004,Pending,593,Verified,Dormant
A10127,Amit,43,Other,Current,95302,18832,credit,2024-03-26,Chennai,HDFC001,Rejected,346,Pending,Inactive
A13279,Amit,60,Other,Unknown,187864,49157,credit,2022-01-26,Bangalore,AXIS004,Approved,635,Verified,Dormant
A10013,Amit,29,Female,Credit,21917,13932,credit,2021-05-23,Unknown,AXIS004,Rejected,423,Rejected,Dormant
A11187,Unknown,45,Male,Credit,58131,-22322,debit,2022-07-14,Unknown,AXIS004,Pending,785,Verified,Dormant
A10486,Unknown,67,Other,Loan,179286,15352,credit,2022-05-15,Bangalore,SBI002,Pending,670,Pending,Active
A11915,Amit,49,Other,Credit,14517,-7004,debit,2021-08-09,Chennai,ICICI003,Rejected,467,Pending,Dormant
A13467,Amit,32,Female,Credit,110516,39735,credit,2024-02-16,Unknown,HDFC001,Rejected,837,Rejected,Inactive
A10359,Amit,18,Other,Savings,55604,-19690,debit,2021-01-14,Mumbai,ICICI003,Rejected,559,Verified,Active
A10331,Amit,21,Male,Current,58930,-9654,debit,2025-02-15,Chennai,AXIS004,Rejected,304,Verified,Dormant
A12032,John,20,Female,Current,99632,25311,credit,2024-09-05,Pune,Unknown,Rejected,641,Rejected,Inactive
A11846,Ravi,20,Other,Credit,149566,44759,credit,2022-05-17,Pune,ICICI003,Rejected,739,Rejected,Inactive
A11444,Sara,63,Other,Loan,29379,-12650,debit,2024-09-12,Unknown,HDFC001,Rejected,422,Rejected,Inactive
A11106,Ravi,35,Other,Unknown,178451,46759,credit,2025-02-11,Chennai,Unknown,Rejected,538,Rejected,Inactive
A12251,John,26,Female,Unknown,159468,-12427,debit,2025-12-08,Bangalore,AXIS004,Rejected,811,Rejected,Dormant
A12739,Unknown,68,Female,Savings,195913,1953,credit,2025-07-23,Unknown,ICICI003,Rejected,828,Verified,Closed
A12210,John,57,Other,Loan,51018,31060,credit,2023-04-05,Delhi,AXIS004,Pending,371,Verified,Dormant
A11978,John,45,Female,Credit,131399,23274,credit,2025-07-30,Unknown,AXIS004,Rejected,377,Rejected,Dormant
A10080,John,41,Other,Unknown,140936,-13251,debit,2023-02-10,Bangalore,Unknown,Rejected,806,Rejected,Active
A10540,Neha,24,Female,Savings,143347,16773,credit,2024-07-30,Delhi,Unknown,Rejected,517,Rejected,Inactive
A12441,Sara,40,Female,Loan,137920,41846,credit,2022-08-16,Bangalore,AXIS004,Pending,809,Verified,Active
A11893,Neha,59,Female,Loan,81155,40648,credit,2023-05-20,Mumbai,AXIS004,Approved,399,Verified,Active
A10008,Ravi,74,Male,Credit,24609,5342,credit,2024-05-03,Pune,ICICI003,Rejected,741,Pending,Dormant
A10145,John,32,Female,Unknown,162870,31158,credit,2023-07-31,Unknown,AXIS004,Rejected,809,Rejected,Dormant
A11776,Ravi,35,Other,Savings,199556,10564,credit,2024-01-25,Bangalore,Unknown,Rejected,366,Rejected,Inactive
A10236,Amit,18,Other,Unknown,87285,112,credit,2024-10-28,Chennai,AXIS004,Rejected,377,Pending,Inactive
A11244,Amit,38,Other,Credit,99228,7947,credit,2024-03-01,Chennai,Unknown,Approved,815,Verified,Active
A11689,Ravi,44,Other,Current,175758,48688,credit,2023-01-12,Unknown,HDFC001,Rejected,685,Pending,Closed
A13422,Sara,50,Female,Unknown,108530,-8145,debit,2022-03-26,Unknown,ICICI003,Rejected,780,Pending,Inactive
A13195,John,54,Other,Credit,192589,5162,credit,2023-05-30,Mumbai,HDFC001,Approved,623,Verified,Dormant
A10101,Amit,36,Female,Unknown,90356,-46257,debit,2021-02-07,Unknown,AXIS004,Rejected,477,Rejected,Inactive
A11723,John,20,Other,Current,151331,15060,credit,2021-05-03,Unknown,AXIS004,Pending,820,Verified,Dormant
A11403,Neha,53,Other,Savings,29428,-6901,debit,2025-03-30,Pune,Unknown,Rejected,406,Rejected,Inactive
A11017,John,43,Other,Credit,28086,288,credit,2025-09-21,Unknown,AXIS004,Rejected,642,Pending,Dormant
A11083,Amit,48,Female,Unknown,134903,-44176,debit,2022-03-24,Bangalore,HDFC001,Rejected,369,Rejected,Inactive
A11210,Sara,49,Male,Loan,157121,47976,credit,2021-07-17,Pune,AXIS004,Rejected,599,Rejected,Inactive
A13346,Priya,33,Male,Loan,101872,35439,credit,2024-07-22,Chennai,AXIS004,Rejected,596,Pending,Inactive
A12572,John,42,Other,Unknown,161011,31184,credit,2022-06-30,Chennai,HDFC001,Rejected,798,Pending,Inactive
A12945,Priya,40,Female,Loan,111556,27010,credit,2024-05-24,Chennai,Unknown,Rejected,337,Rejected,Inactive
A11307,John,20,Female,Credit,178511,-4311,debit,2022-05-16,Chennai,AXIS004,Rejected,341,Pending,Dormant
A10522,Amit,41,Female,Unknown,147719,-19022,debit,2025-02-23,Bangalore,ICICI003,Rejected,500,Pending,Inactive
A11987,John,44,Other,Unknown,40443,28389,credit,2021-03-07,Bangalore,AXIS004,Rejected,389,Pending,Dormant
A11981,Unknown,56,Female,Unknown,139442,-2348,debit,2024-10-26,Bangalore,Unknown,Rejected,580,Pending,Dormant
A10784,Unknown,60,Female,Current,115061,-11499,debit,2023-12-08,Chennai,HDFC001,Rejected,305,Pending,Inactive
A13355,Sara,70,Other,Unknown,120231,4574,credit,2021-12-17,Delhi,AXIS004,Rejected,720,Rejected,Dormant
A12684,John,26,Other,Unknown,44341,9808,credit,2021-05-29,Pune,AXIS004,Rejected,657,Rejected,Closed
A12560,Amit,59,Other,Savings,178435,-8044,debit,2024-03-22,Mumbai,ICICI003,Rejected,560,Verified,Dormant
A12055,Amit,48,Other,Loan,87778,3445,credit,2022-06-12,Chennai,HDFC001,Pending,891,Pending,Dormant
A12713,Neha,63,Other,Loan,170567,4924,credit,2025-01-12,Mumbai,ICICI003,Rejected,742,Pending,Active
A12115,Priya,74,Female,Current,138257,6853,credit,2022-02-08,Chennai,ICICI003,Rejected,707,Rejected,Inactive
A11851,Neha,33,Female,Current,6407,2773,credit,2025-07-27,Unknown,ICICI003,Approved,821,Verified,Active
A12420,Sara,37,Other,Current,122581,37977,credit,2025-12-06,Delhi,SBI002,Rejected,740,Pending,Closed
A10511,John,32,Other,Savings,35464,-38856,debit,2024-07-06,Mumbai,HDFC001,Rejected,474,Rejected,Inactive
A12468,John,22,Other,Credit,97429,-6,debit,2022-10-30,Delhi,HDFC001,Rejected,847,Pending,Inactive
A12476,Amit,55,Male,Unknown,157148,7413,credit,2024-02-28,Mumbai,HDFC001,Rejected,862,Pending,Inactive
A12673,John,45,Other,Loan,145109,27244,credit,2021-03-02,Bangalore,HDFC001,Pending,755,Verified,Dormant
A11782,Amit,29,Other,Unknown,187960,16902,credit,2024-11-08,Bangalore,Unknown,Rejected,356,Pending,Inactive
A12559,Amit,45,Female,Unknown,133813,-17934,debit,2021-10-19,Unknown,AXIS004,Rejected,753,Rejected,Inactive
A13272,Ravi,46,Other,Unknown,189295,4471,credit,2024-03-26,Bangalore,Unknown,Pending,651,Pending,Active
A12671,Neha,27,Other,Credit,169375,48997,credit,2023-10-02,Unknown,Unknown,Rejected,811,Rejected,Active
A13238,Amit,23,Other,Savings,194510,-284,debit,2021-02-09,Unknown,Unknown,Rejected,306,Pending,Inactive
A11962,Priya,49,Male,Savings,53626,10730,credit,2023-02-24,Unknown,AXIS004,Rejected,338,Verified,Dormant
A13041,John,45,Other,Current,109352,-16063,debit,2022-07-06,Chennai,Unknown,Rejected,668,Rejected,Inactive
A12116,John,26,Other,Current,90486,-14943,debit,2024-02-16,Delhi,Unknown,Rejected,889,Pending,Inactive
A10091,Amit,37,Other,Credit,92043,-19573,debit,2023-07-28,Chennai,AXIS004,Rejected,574,Pending,Inactive
A10781,Priya,32,Other,Loan,160575,10871,credit,2024-08-22,Delhi,SBI002,Rejected,752,Rejected,Inactive
A12985,Sara,58,Other,Loan,33370,-30613,debit,2025-12-03,Chennai,HDFC001,Pending,688,Verified,Active
A10328,Priya,68,Other,Loan,26646,22032,credit,2021-03-07,Unknown,HDFC001,Rejected,810,Rejected,Inactive
A12694,Amit,53,Other,Credit,182779,19041,credit,2025-06-18,Delhi,SBI002,Rejected,546,Pending,Inactive
A11374,Neha,55,Other,Current,149186,25398,credit,2022-08-15,Unknown,ICICI003,Approved,405,Verified,Active
A11164,Sara,23,Female,Loan,189168,2649,credit,2025-03-03,Chennai,Unknown,Rejected,760,Rejected,Inactive
A10610,Ravi,73,Other,Loan,126308,35997,credit,2021-12-16,Mumbai,HDFC001,Pending,368,Pending,Active
A11923,Priya,52,Other,Loan,154466,31912,credit,2021-08-07,Chennai,HDFC001,Pending,453,Verified,Active
A12280,John,50,Female,Loan,60334,-39404,debit,2021-12-21,Bangalore,Unknown,Pending,876,Pending,Closed
A12309,Amit,27,Female,Unknown,85350,-285,debit,2025-03-05,Unknown,AXIS004,Rejected,385,Rejected,Inactive
A11463,Sara,37,Female,Credit,14415,1397,credit,2023-01-25,Mumbai,HDFC001,Approved,551,Verified,Active
A12973,Amit,37,Female,Unknown,116983,43669,credit,2022-12-27,Mumbai,Unknown,Rejected,490,Rejected,Inactive
A11717,Unknown,45,Male,Unknown,3265,21530,credit,2024-01-14,Chennai,ICICI003,Rejected,592,Pending,Inactive
A10278,Ravi,55,Male,Current,162130,148,credit,2025-05-11,Bangalore,SBI002,Rejected,488,Pending,Inactive
A10357,Neha,41,Male,Savings,119061,-11701,debit,2021-12-13,Chennai,HDFC001,Rejected,326,Pending,Inactive
A12583,Neha,30,Female,Savings,4564,42388,credit,2021-12-24,Chennai,AXIS004,Rejected,490,Pending,Dormant
A10251,Sara,64,Female,Savings,106585,43858,credit,2022-10-27,Mumbai,Unknown,Pending,714,Verified,Active
A10932,Amit,30,Female,Unknown,59689,44325,credit,2023-11-20,Unknown,Unknown,Pending,507,Pending,Active
A10187,John,51,Male,Credit,139744,27571,credit,2021-11-02,Pune,Unknown,Rejected,495,Rejected,Inactive
A13106,Neha,43,Other,Savings,121197,11729,credit,2024-04-27,Mumbai,Unknown,Approved,640,Verified,Dormant
A13014,John,48,Other,Savings,174068,46287,credit,2023-08-07,Delhi,Unknown,Rejected,403,Rejected,Inactive
A12438,Amit,45,Other,Loan,67142,16037,credit,2022-08-30,Unknown,ICICI003,Rejected,835,Rejected,Active
A10344,Amit,70,Other,Loan,152442,-25350,debit,2023-02-07,Bangalore,AXIS004,Rejected,712,Rejected,Inactive
A11612,John,56,Male,Savings,188512,9638,credit,2024-05-17,Mumbai,SBI002,Rejected,808,Pending,Inactive
A11041,Sara,21,Other,Credit,40706,44671,credit,2024-05-13,Mumbai,HDFC001,Rejected,391,Pending,Inactive
A11631,John,40,Female,Credit,165201,31538,credit,2025-07-02,Unknown,Unknown,Rejected,405,Pending,Inactive
A11584,John,19,Other,Unknown,59838,-13699,debit,2022-08-11,Delhi,Unknown,Rejected,892,Pending,Inactive
A13072,John,32,Other,Current,84141,13633,credit,2021-05-27,Mumbai,Unknown,Rejected,561,Pending,Inactive
A12673,John,45,Other,Loan,195156,7596,credit,2023-04-11,Bangalore,HDFC001,Approved,750,Verified,Active
A12924,John,18,Other,Credit,195080,-13315,debit,2022-05-02,Delhi,Unknown,Rejected,357,Pending,Dormant
A13076,Ravi,61,Other,Credit,863,46476,credit,2023-01-09,Delhi,AXIS004,Rejected,321,Rejected,Inactive
A10956,Amit,27,Female,Current,149710,-19524,debit,2022-10-22,Unknown,Unknown,Approved,493,Verified,Active
A11663,Ravi,52,Male,Unknown,38069,43399,credit,2025-05-29,Bangalore,Unknown,Rejected,807,Pending,Inactive
A12570,John,32,Other,Unknown,72304,28372,credit,2022-06-29,Pune,ICICI003,Rejected,458,Rejected,Inactive
A10797,Amit,26,Other,Unknown,146680,-13459,debit,2021-01-13,Unknown,AXIS004,Pending,401,Pending,Active
A10865,Amit,44,Other,Credit,69696,6792,credit,2025-04-29,Chennai,AXIS004,Rejected,623,Pending,Active
A11897,Unknown,30,Other,Current,5609,19312,credit,2021-01-19,Chennai,AXIS004,Pending,684,Pending,Active
A11264,Sara,70,Female,Savings,166330,47989,credit,2021-11-20,Mumbai,Unknown,Rejected,339,Rejected,Inactive
A11549,Amit,45,Female,Credit,113459,22989,credit,2024-04-13,Bangalore,SBI002,Rejected,500,Rejected,Inactive
A10275,Neha,32,Male,Loan,105582,13547,credit,2022-09-21,Unknown,AXIS004,Rejected,778,Rejected,Dormant
A10041,John,32,Other,Savings,11205,3589,credit,2025-03-21,Chennai,Unknown,Pending,472,Pending,Active
A11228,Ravi,33,Female,Unknown,99890,-43650,debit,2023-02-19,Unknown,HDFC001,Rejected,847,Rejected,Inactive
A12099,Neha,24,Other,Credit,136740,13328,credit,2022-10-26,Unknown,AXIS004,Approved,516,Verified,Active
A11131,Priya,47,Female,Credit,13325,44192,credit,2022-11-29,Bangalore,Unknown,Rejected,745,Pending,Closed
A12192,Ravi,35,Other,Loan,149624,9350,credit,2024-05-26,Pune,SBI002,Rejected,645,Rejected,Inactive
A12802,Ravi,24,Other,Current,78667,21037,credit,2025-05-01,Unknown,SBI002,Approved,848,Verified,Active
A11550,Neha,65,Female,Credit,151104,-3874,debit,2023-11-17,Unknown,ICICI003,Rejected,367,Rejected,Inactive
A10676,John,51,Other,Savings,51610,-35199,debit,2022-03-26,Delhi,AXIS004,Approved,816,Verified,Active
A13186,Ravi,31,Other,Unknown,20530,5376,credit,2024-11-15,Chennai,Unknown,Rejected,409,Pending,Dormant
A11156,Priya,40,Other,Credit,103632,27641,credit,2022-12-27,Unknown,AXIS004,Rejected,680,Pending,Inactive
A10303,Ravi,61,Other,Credit,939,-32980,debit,2025-10-15,Bangalore,ICICI003,Rejected,896,Rejected,Inactive
A11920,Sara,18,Female,Unknown,108994,19865,credit,2023-09-18,Unknown,Unknown,Rejected,768,Rejected,Inactive
A12981,John,45,Female,Current,172652,-18516,debit,2022-04-29,Delhi,SBI002,Pending,441,Pending,Inactive
A10254,Sara,40,Male,Credit,167940,28645,credit,2024-10-06,Mumbai,AXIS004,Rejected,844,Rejected,Inactive
A10459,Ravi,64,Other,Savings,195453,10323,credit,2025-03-25,Bangalore,HDFC001,Rejected,468,Rejected,Inactive
A12860,Unknown,32,Female,Loan,197724,-6003,debit,2023-04-05,Mumbai,Unknown,Approved,595,Verified,Active
A11605,John,54,Other,Unknown,15137,17483,credit,2021-09-25,Unknown,Unknown,Rejected,781,Pending,Inactive
A10360,John,24,Male,Unknown,22508,39208,credit,2021-07-09,Mumbai,Unknown,Rejected,879,Rejected,Inactive
A10494,John,23,Other,Unknown,116416,-16677,debit,2024-12-15,Unknown,AXIS004,Rejected,593,Rejected,Inactive
A11808,Amit,28,Other,Credit,17722,3260,credit,2022-09-19,Unknown,ICICI003,Rejected,493,Verified,Dormant
A11296,Neha,21,Other,Credit,92911,9468,credit,2025-09-23,Delhi,AXIS004,Approved,651,Verified,Active
A11802,Amit,22,Other,Current,50000,12346,credit,2021-05-11,Bangalore,AXIS004,Rejected,788,Rejected,Inactive
A12967,Ravi,53,Male,Unknown,137057,25413,credit,2025-07-02,Delhi,Unknown,Rejected,526,Verified,Active
A12991,John,36,Other,Credit,192482,-23332,debit,2022-12-21,Chennai,Unknown,Rejected,390,Pending,Inactive
A11603,John,48,Other,Credit,69789,4328,credit,2025-11-10,Pune,AXIS004,Pending,603,Verified,Active
A13238,Amit,23,Other,Savings,84854,25044,credit,2024-09-15,Unknown,Unknown,Rejected,518,Pending,Inactive
A13056,Amit,29,Male,Credit,37191,11975,credit,2025-05-28,Bangalore,Unknown,Approved,676,Verified,Active
A12322,Unknown,31,Other,Credit,138505,-5224,debit,2023-08-22,Unknown,Unknown,Rejected,397,Rejected,Inactive
A12142,Neha,30,Female,Loan,139527,3534,credit,2022-10-28,Pune,SBI002,Approved,863,Verified,Active
A11823,John,21,Other,Unknown,100456,-13190,debit,2023-12-14,Unknown,ICICI003,Approved,394,Verified,Active
A12474,Amit,18,Other,Savings,107768,-18333,debit,2024-11-09,Unknown,ICICI003,Rejected,490,Pending,Inactive
A12095,Sara,23,Other,Current,33505,3572,credit,2021-11-26,Bangalore,HDFC001,Rejected,727,Pending,Closed
A13349,Ravi,45,Female,Credit,43096,27390,credit,2022-07-17,Pune,ICICI003,Rejected,657,Pending,Inactive
A10993,John,28,Female,Current,149990,14262,credit,2025-07-27,Delhi,HDFC001,Pending,678,Pending,Active
A13127,Priya,48,Female,Savings,80879,-3417,debit,2021-03-12,Chennai,AXIS004,Approved,475,Verified,Active
A11354,Amit,21,Other,Loan,155419,10681,credit,2025-05-30,Mumbai,AXIS004,Pending,748,Pending,Active
A12156,Sara,52,Other,Unknown,36358,-2348,debit,2022-10-13,Unknown,AXIS004,Rejected,604,Pending,Inactive
A11055,Priya,19,Male,Credit,50421,16077,credit,2023-03-12,Chennai,SBI002,Rejected,483,Pending,Inactive
A10595,Amit,32,Female,Unknown,100165,27681,credit,2021-04-25,Bangalore,AXIS004,Rejected,470,Pending,Inactive
A13138,Unknown,34,Other,Credit,2317,10942,credit,2024-12-18,Delhi,AXIS004,Rejected,506,Rejected,Inactive
A10147,Sara,50,Male,Unknown,131342,43173,credit,2022-01-18,Bangalore,SBI002,Pending,772,Pending,Dormant
A13231,Ravi,35,Female,Current,79490,37540,credit,2021-09-17,Unknown,ICICI003,Approved,894,Verified,Active
A12835,Neha,70,Male,Credit,34445,2538,credit,2025-07-19,Chennai,SBI002,Rejected,404,Pending,Inactive
A12855,Amit,64,Female,Current,94703,3014,credit,2024-05-20,Unknown,HDFC001,Rejected,306,Pending,Inactive
A11959,Ravi,40,Female,Unknown,77896,48073,credit,2025-08-05,Unknown,AXIS004,Rejected,815,Pending,Inactive
A12621,Amit,66,Female,Credit,186944,20369,credit,2025-12-19,Pune,SBI002,Rejected,378,Rejected,Inactive
A10609,Amit,25,Female,Savings,186491,28999,credit,2022-09-21,Mumbai,HDFC001,Rejected,779,Rejected,Inactive
A12292,John,19,Other,Loan,155886,-45822,debit,2023-02-16,Chennai,AXIS004,Rejected,829,Pending,Inactive
A10438,Sara,39,Male,Savings,63309,17202,credit,2021-09-10,Delhi,Unknown,Rejected,694,Pending,Dormant
A11146,Amit,26,Male,Unknown,169104,49272,credit,2024-08-31,Chennai,AXIS004,Pending,881,Pending,Dormant
A12535,Unknown,48,Male,Credit,166421,23297,credit,2024-08-15,Chennai,AXIS004,Approved,868,Verified,Active
A12238,Priya,22,Other,Credit,118863,-3895,debit,2022-06-26,Unknown,AXIS004,Rejected,527,Pending,Inactive
A12252,Priya,49,Female,Unknown,113208,41792,credit,2022-08-29,Bangalore,AXIS004,Approved,613,Verified,Active
A10912,Sara,21,Other,Credit,157540,21817,credit,2021-08-20,Unknown,Unknown,Pending,478,Verified,Active
A10080,John,41,Other,Unknown,146424,44136,credit,2022-05-30,Bangalore,Unknown,Pending,583,Pending,Closed
A12558,Priya,43,Female,Unknown,67631,6,credit,2022-05-28,Delhi,AXIS004,Approved,817,Verified,Active
A11158,John,27,Other,Unknown,142647,20646,credit,2022-10-15,Chennai,ICICI003,Rejected,798,Rejected,Inactive
A11476,Sara,27,Male,Current,45823,32342,credit,2022-11-30,Bangalore,Unknown,Rejected,469,Pending,Inactive
A10813,Amit,52,Male,Current,100627,8759,credit,2022-06-09,Mumbai,AXIS004,Rejected,802,Pending,Inactive
A13028,Neha,20,Other,Savings,163026,12929,credit,2022-06-13,Delhi,AXIS004,Rejected,491,Rejected,Inactive
A12554,John,73,Male,Loan,140109,13631,credit,2023-01-13,Mumbai,SBI002,Rejected,867,Pending,Inactive
A11694,Neha,48,Other,Unknown,123820,843,credit,2023-01-04,Bangalore,Unknown,Rejected,312,Verified,Active
A10588,Unknown,30,Other,Unknown,14507,-25133,debit,2024-09-07,Delhi,HDFC001,Rejected,527,Pending,Inactive
A11915,Amit,49,Other,Credit,154833,18312,credit,2022-05-12,Chennai,ICICI003,Approved,888,Verified,Active
A10693,Amit,53,Other,Unknown,-2175,31808,credit,2023-10-27,Unknown,Unknown,Rejected,531,Rejected,Inactive
A13489,Ravi,26,Female,Loan,179502,15893,credit,2022-08-28,Chennai,SBI002,Rejected,386,Rejected,Inactive
A10602,Priya,60,Male,Unknown,93992,-43225,debit,2022-06-15,Chennai,Unknown,Rejected,767,Pending,Inactive
A11426,Unknown,64,Other,Savings,188949,-29648,debit,2021-12-15,Chennai,SBI002,Approved,493,Verified,Active
A13206,Neha,28,Other,Unknown,40449,41013,credit,2025-01-14,Bangalore,AXIS004,Rejected,521,Rejected,Inactive
A10632,Neha,24,Female,Unknown,6952,39294,credit,2021-05-22,Chennai,Unknown,Rejected,398,Rejected,Inactive
A11154,John,38,Other,Current,86037,18622,credit,2025-10-13,Unknown,Unknown,Rejected,469,Rejected,Inactive
A13226,Sara,27,Female,Savings,169964,-17041,debit,2022-12-09,Mumbai,Unknown,Rejected,372,Pending,Inactive
A12286,John,24,Male,Savings,60195,-4373,debit,2022-12-18,Unknown,HDFC001,Rejected,661,Rejected,Inactive
A10281,Ravi,22,Male,Current,141431,917,credit,2025-04-07,Delhi,HDFC001,Rejected,304,Pending,Inactive
A12573,Neha,37,Female,Savings,42526,16937,credit,2024-03-07,Unknown,HDFC001,Pending,470,Pending,Active
A11983,Amit,35,Male,Credit,34913,-17095,debit,2022-04-23,Mumbai,SBI002,Rejected,353,Pending,Inactive
A12779,Neha,27,Other,Savings,30514,18377,credit,2024-02-23,Unknown,HDFC001,Rejected,310,Verified,Active
A12622,John,45,Other,Unknown,115214,14138,credit,2025-10-18,Delhi,HDFC001,Pending,425,Pending,Inactive
A13129,Sara,19,Male,Savings,176520,3496,credit,2025-12-31,Delhi,Unknown,Rejected,306,Rejected,Inactive
A12341,Amit,21,Other,Unknown,84044,-3277,debit,2024-09-14,Chennai,HDFC001,Rejected,561,Pending,Inactive
A10941,Priya,18,Other,Unknown,157917,-7230,debit,2023-10-29,Delhi,Unknown,Rejected,584,Rejected,Dormant
A13477,Unknown,59,Other,Loan,173860,38303,credit,2024-10-05,Unknown,AXIS004,Rejected,501,Pending,Inactive
A10107,Unknown,32,Female,Savings,68994,17355,credit,2021-05-18,Unknown,HDFC001,Pending,524,Pending,Active
A10504,Amit,19,Other,Credit,153061,3694,credit,2024-06-21,Unknown,ICICI003,Rejected,408,Rejected,Inactive
A10837,Priya,45,Other,Credit,132383,47719,credit,2022-11-20,Bangalore,HDFC001,Rejected,767,Rejected,Inactive
A11017,John,43,Other,Credit,107685,-14717,debit,2021-09-01,Unknown,AXIS004,Rejected,796,Pending,Inactive
A11841,Amit,52,Female,Credit,125985,38422,credit,2022-02-20,Mumbai,AXIS004,Approved,588,Verified,Dormant
A11049,Amit,23,Male,Credit,153717,893,credit,2025-12-25,Chennai,AXIS004,Rejected,621,Rejected,Active
A10268,Sara,25,Male,Savings,52477,-6888,debit,2025-11-21,Bangalore,Unknown,Approved,604,Verified,Active
A12886,Amit,68,Female,Current,15784,-754,debit,2023-11-27,Pune,ICICI003,Rejected,319,Rejected,Inactive
A12991,John,36,Other,Credit,5770,-38089,debit,2025-09-10,Chennai,Unknown,Rejected,688,Pending,Closed
A10765,John,43,Other,Current,197724,9536,credit,2025-10-01,Mumbai,SBI002,Rejected,480,Rejected,Inactive
A10073,Priya,33,Male,Loan,196264,-10581,debit,2023-07-15,Chennai,Unknown,Pending,813,Verified,Active
A12954,Priya,47,Other,Credit,163759,43549,credit,2022-09-30,Delhi,ICICI003,Approved,756,Verified,Active
A12632,Neha,56,Female,Unknown,93749,1812,credit,2024-07-13,Chennai,Unknown,Rejected,380,Pending,Inactive
A10474,Unknown,34,Female,Savings,120064,37970,credit,2021-01-15,Delhi,ICICI003,Rejected,889,Rejected,Inactive
A11168,Priya,68,Other,Savings,80462,-7223,debit,2021-04-05,Chennai,SBI002,Rejected,347,Pending,Inactive
A11375,Ravi,18,Other,Unknown,16414,44137,credit,2025-07-13,Unknown,AXIS004,Approved,859,Verified,Active
A10766,Sara,67,Other,Current,191627,-37830,debit,2025-09-20,Pune,SBI002,Pending,536,Verified,Active
A13301,Sara,23,Other,Savings,139122,-6990,debit,2021-01-05,Chennai,SBI002,Rejected,601,Pending,Active
A12342,John,49,Other,Unknown,176335,-4727,debit,2023-12-23,Unknown,Unknown,Rejected,454,Rejected,Inactive
A11200,Priya,44,Other,Unknown,20221,38069,credit,2023-11-16,Unknown,HDFC001,Pending,657,Pending,Dormant
A11724,Amit,52,Female,Unknown,113462,14387,credit,2021-03-04,Bangalore,SBI002,Rejected,348,Pending,Inactive
A10518,Unknown,51,Other,Current,192916,-8121,debit,2021-07-29,Mumbai,HDFC001,Rejected,618,Rejected,Inactive
A13056,Amit,29,Male,Credit,12783,-9937,debit,2025-12-17,Bangalore,Unknown,Rejected,467,Rejected,Inactive
A10966,Amit,24,Female,Credit,-3271,1311,credit,2025-07-06,Unknown,AXIS004,Approved,790,Verified,Active
A10631,Amit,60,Other,Current,143538,32007,credit,2021-02-13,Unknown,AXIS004,Approved,476,Verified,Active
A10513,Unknown,50,Female,Unknown,7355,26368,credit,2025-04-02,Bangalore,HDFC001,Rejected,535,Rejected,Inactive
A12415,John,28,Other,Loan,123945,14370,credit,2022-04-26,Delhi,SBI002,Rejected,575,Pending,Inactive
A11215,Sara,20,Other,Current,67398,18969,credit,2021-09-12,Pune,Unknown,Approved,851,Verified,Active
A13265,Neha,19,Female,Current,72958,-9701,debit,2025-08-15,Pune,Unknown,Rejected,784,Pending,Inactive
A11661,Sara,18,Female,Unknown,61475,1799,credit,2023-07-19,Chennai,AXIS004,Rejected,367,Pending,Inactive
A11301,Priya,61,Male,Loan,71533,-23217,debit,2022-09-09,Chennai,ICICI003,Rejected,365,Rejected,Inactive
A10814,Amit,42,Other,Credit,130996,-25156,debit,2024-03-21,Chennai,Unknown,Rejected,861,Pending,Inactive
A11792,Neha,29,Male,Unknown,105235,-6765,debit,2021-05-08,Mumbai,Unknown,Pending,387,Verified,Dormant
A13236,Neha,72,Other,Unknown,132362,47634,credit,2022-10-21,Chennai,HDFC001,Approved,777,Verified,Active
A11684,Ravi,25,Female,Current,94933,-5343,debit,2021-07-09,Mumbai,AXIS004,Rejected,344,Pending,Inactive
A10340,John,53,Other,Loan,182569,-1581,debit,2021-04-20,Chennai,ICICI003,Rejected,454,Rejected,Inactive
A13303,Neha,35,Other,Current,184313,-748,debit,2021-04-20,Unknown,SBI002,Approved,708,Verified,Active
A11570,Priya,21,Other,Unknown,137923,18964,credit,2023-01-08,Bangalore,Unknown,Rejected,609,Pending,Inactive
A12289,John,26,Other,Credit,42581,36961,credit,2022-11-08,Bangalore,Unknown,Pending,633,Pending,Dormant
A12926,Amit,55,Other,Savings,3630,49426,credit,2021-05-13,Bangalore,ICICI003,Rejected,312,Verified,Dormant
A13133,John,50,Male,Unknown,197495,16581,credit,2024-03-23,Pune,HDFC001,Approved,366,Verified,Active
A11950,Priya,19,Other,Current,130543,-20320,debit,2024-09-26,Chennai,HDFC001,Rejected,315,Rejected,Inactive
A12715,Sara,59,Other,Unknown,138371,11447,credit,2025-01-04,Bangalore,HDFC001,Rejected,368,Pending,Inactive
A12788,Amit,22,Female,Savings,146451,22758,credit,2025-02-19,Unknown,ICICI003,Rejected,853,Rejected,Inactive
A11609,John,54,Female,Credit,175758,36303,credit,2021-12-26,Mumbai,HDFC001,Rejected,808,Pending,Inactive
A13400,Priya,35,Other,Current,151826,-10583,debit,2023-08-27,Unknown,AXIS004,Approved,543,Verified,Active
A11588,Amit,32,Female,Credit,10221,5744,credit,2022-02-24,Delhi,Unknown,Rejected,543,Rejected,Inactive
A10919,Amit,26,Female,Current,140059,41141,credit,2025-08-05,Delhi,ICICI003,Pending,620,Pending,Inactive
A10318,Sara,35,Other,Savings,1510,2264,credit,2025-07-12,Pune,SBI002,Rejected,644,Rejected,Inactive
A10048,Neha,54,Other,Credit,129230,-24891,debit,2024-12-17,Pune,ICICI003,Approved,646,Verified,Dormant
A12023,Neha,18,Female,Unknown,13520,-31062,debit,2025-12-21,Bangalore,Unknown,Rejected,576,Pending,Inactive
A11467,Priya,63,Male,Credit,140229,18118,credit,2024-07-30,Unknown,HDFC001,Rejected,668,Verified,Dormant
A11323,John,35,Other,Unknown,52159,-13946,debit,2022-04-02,Unknown,SBI002,Approved,536,Verified,Active
A10653,Ravi,43,Female,Loan,73925,12171,credit,2022-04-13,Pune,SBI002,Rejected,768,Rejected,Closed
A10504,Amit,19,Other,Credit,141190,3538,credit,2022-04-26,Unknown,ICICI003,Pending,588,Pending,Active
A10367,Amit,25,Other,Credit,82623,-24773,debit,2023-01-28,Chennai,Unknown,Rejected,403,Rejected,Inactive
A11017,John,43,Other,Credit,160236,-7685,debit,2025-12-02,Unknown,AXIS004,Rejected,387,Rejected,Inactive
A10777,Neha,24,Female,Current,98576,-1788,debit,2025-04-19,Mumbai,AXIS004,Approved,714,Verified,Active
A13227,John,45,Male,Credit,138663,-39350,debit,2025-02-04,Unknown,Unknown,Pending,490,Pending,Inactive
A10997,Ravi,63,Female,Unknown,22093,-9671,debit,2024-12-28,Bangalore,Unknown,Rejected,537,Verified,Dormant
A11570,Priya,21,Other,Unknown,152818,11861,credit,2025-10-15,Bangalore,Unknown,Rejected,643,Pending,Inactive
A11862,Sara,22,Other,Unknown,30289,35284,credit,2024-11-25,Unknown,Unknown,Rejected,566,Pending,Inactive
A11449,John,19,Male,Loan,163061,-18563,debit,2022-11-03,Pune,HDFC001,Rejected,400,Rejected,Inactive
A11061,Unknown,30,Male,Loan,44267,422,credit,2022-05-21,Bangalore,SBI002,Approved,771,Verified,Active
A10006,Unknown,69,Other,Current,191389,34550,credit,2021-01-16,Delhi,Unknown,Rejected,543,Verified,Active
A13386,John,26,Female,Credit,23617,19388,credit,2021-08-16,Bangalore,AXIS004,Rejected,687,Rejected,Inactive
A10597,Unknown,51,Other,Loan,185004,9334,credit,2024-11-02,Delhi,Unknown,Rejected,796,Pending,Inactive
A11027,Ravi,51,Male,Savings,16895,-12966,debit,2023-06-20,Mumbai,AXIS004,Rejected,637,Verified,Dormant
A12123,Priya,73,Female,Loan,136825,33327,credit,2025-08-06,Mumbai,SBI002,Approved,546,Verified,Dormant
A13339,John,47,Other,Unknown,13297,11591,credit,2021-03-10,Delhi,Unknown,Rejected,781,Pending,Inactive
A12461,John,30,Other,Unknown,196859,-570,debit,2022-11-04,Unknown,Unknown,Rejected,336,Rejected,Inactive
A12126,Amit,40,Other,Savings,73695,-20811,debit,2022-01-23,Chennai,SBI002,Approved,621,Verified,Active
A10723,Priya,43,Male,Loan,134295,-17125,debit,2023-07-25,Bangalore,HDFC001,Rejected,745,Pending,Closed
A11306,Neha,23,Other,Current,154764,81,credit,2024-04-20,Chennai,HDFC001,Pending,371,Pending,Inactive
A12411,Sara,74,Female,Loan,32333,6545,credit,2022-04-01,Delhi,SBI002,Rejected,713,Rejected,Inactive
A12815,Amit,21,Female,Current,31368,16269,credit,2022-07-21,Unknown,ICICI003,Pending,385,Pending,Dormant
A10080,John,41,Other,Unknown,157124,-18060,debit,2023-07-10,Bangalore,Unknown,Rejected,593,Rejected,Inactive
A11187,Unknown,45,Male,Credit,113075,-3774,debit,2023-04-08,Unknown,AXIS004,Pending,808,Pending,Dormant
A11588,Amit,32,Female,Credit,107710,-43147,debit,2023-10-16,Delhi,Unknown,Rejected,855,Rejected,Inactive
A10913,John,70,Other,Unknown,24047,46908,credit,2022-11-13,Bangalore,ICICI003,Rejected,351,Pending,Inactive
A12442,Amit,21,Other,Credit,85633,15037,credit,2022-08-11,Bangalore,AXIS004,Pending,829,Verified,Active
A11212,Unknown,31,Other,Savings,186818,18195,credit,2023-09-06,Chennai,SBI002,Rejected,899,Rejected,Closed
A10969,Sara,44,Male,Credit,72616,10438,credit,2022-12-12,Pune,SBI002,Rejected,638,Pending,Inactive
A10099,Amit,39,Other,Current,74922,38977,credit,2021-01-05,Unknown,AXIS004,Pending,300,Pending,Dormant
A10921,Neha,42,Other,Savings,160960,48526,credit,2023-12-22,Bangalore,Unknown,Rejected,525,Pending,Inactive
A11663,Ravi,52,Male,Unknown,172647,-33769,debit,2021-12-10,Bangalore,Unknown,Rejected,598,Pending,Closed
A13226,Sara,27,Female,Savings,1951,-36997,debit,2021-08-04,Mumbai,Unknown,Rejected,865,Pending,Inactive
A10563,Neha,43,Male,Current,36587,11261,credit,2024-03-26,Chennai,ICICI003,Rejected,743,Rejected,Inactive
A10335,Amit,36,Male,Unknown,74292,18670,credit,2025-03-23,Chennai,ICICI003,Rejected,837,Pending,Inactive
A12331,Priya,73,Female,Unknown,146259,44658,credit,2025-08-10,Unknown,ICICI003,Rejected,592,Rejected,Inactive
A12180,John,49,Male,Current,36704,23935,credit,2022-03-27,Delhi,Unknown,Approved,878,Verified,Active
A13430,Amit,23,Other,Unknown,179357,39789,credit,2023-04-03,Unknown,Unknown,Rejected,446,Rejected,Inactive
A12151,Unknown,40,Female,Unknown,190745,39589,credit,2021-01-03,Mumbai,ICICI003,Rejected,451,Verified,Active
A12289,John,26,Other,Credit,83096,16691,credit,2023-05-19,Bangalore,Unknown,Approved,355,Verified,Active
A12485,Neha,29,Male,Loan,-2619,14708,credit,2024-02-14,Delhi,HDFC001,Rejected,551,Rejected,Inactive
A11004,Amit,37,Female,Loan,100092,-21549,debit,2024-12-20,Bangalore,Unknown,Rejected,376,Pending,Inactive
A13435,Neha,56,Female,Savings,1499,-15074,debit,2023-02-04,Chennai,ICICI003,Pending,711,Verified,Active
A12667,Unknown,35,Other,Loan,53161,6356,credit,2021-04-11,Mumbai,ICICI003,Pending,338,Verified,Active
A11558,John,28,Other,Unknown,188309,3793,credit,2024-01-25,Unknown,AXIS004,Rejected,703,Rejected,Inactive
A11372,Sara,30,Other,Unknown,15609,40827,credit,2025-01-12,Bangalore,AXIS004,Rejected,617,Pending,Active
A13115,Neha,30,Female,Unknown,43318,-7412,debit,2024-11-06,Unknown,AXIS004,Rejected,829,Pending,Inactive
A11030,Neha,29,Female,Unknown,76461,25132,credit,2023-01-03,Bangalore,SBI002,Rejected,588,Pending,Inactive
A10909,Sara,54,Other,Unknown,7298,-1797,debit,2021-02-12,Delhi,SBI002,Rejected,337,Pending,Inactive
A11229,Neha,26,Male,Loan,67282,29485,credit,2021-09-23,Chennai,AXIS004,Rejected,543,Rejected,Closed
A10145,John,32,Female,Unknown,74355,-10231,debit,2025-06-08,Unknown,AXIS004,Rejected,301,Rejected,Dormant
A13496,Amit,23,Other,Credit,27542,13628,credit,2022-03-08,Delhi,Unknown,Rejected,714,Rejected,Inactive
A12685,John,47,Other,Savings,167660,27811,credit,2022-10-12,Unknown,Unknown,Rejected,877,Pending,Inactive
A10478,Priya,69,Male,Current,132861,-8931,debit,2024-06-16,Delhi,HDFC001,Rejected,719,Rejected,Inactive
A11476,Sara,27,Male,Current,39022,-9956,debit,2021-01-16,Bangalore,Unknown,Rejected,421,Pending,Inactive
A11810,Amit,63,Female,Credit,148824,-8475,debit,2024-02-24,Bangalore,Unknown,Approved,461,Verified,Active
A10752,Amit,20,Other,Credit,103991,19238,credit,2022-09-08,Bangalore,SBI002,Rejected,337,Verified,Active
A11154,John,38,Other,Current,28696,42639,credit,2022-01-28,Unknown,Unknown,Rejected,392,Rejected,Inactive
A10027,Unknown,42,Other,Current,163088,-9640,debit,2024-02-20,Unknown,HDFC001,Pending,398,Verified,Dormant
A10392,Ravi,62,Other,Unknown,99217,-13120,debit,2023-01-12,Pune,AXIS004,Rejected,823,Pending,Inactive
A11231,Unknown,31,Other,Current,14847,-41352,debit,2023-08-16,Pune,HDFC001,Rejected,434,Pending,Inactive
A11587,Sara,37,Other,Savings,102480,-37369,debit,2025-11-03,Delhi,AXIS004,Rejected,622,Rejected,Inactive
A10215,Neha,51,Female,Unknown,14918,-11578,debit,2021-04-11,Pune,AXIS004,Rejected,458,Rejected,Inactive
A11967,John,56,Female,Loan,44553,-18499,debit,2024-07-08,Delhi,Unknown,Pending,516,Pending,Dormant
A12879,Priya,46,Other,Current,130988,7382,credit,2025-12-10,Chennai,AXIS004,Rejected,382,Rejected,Inactive
A13230,Amit,34,Other,Unknown,140029,37157,credit,2023-12-09,Chennai,Unknown,Approved,591,Verified,Active
A12573,Neha,37,Female,Savings,73123,14252,credit,2025-04-16,Unknown,HDFC001,Pending,430,Pending,Active
A12908,Amit,28,Other,Unknown,86041,30179,credit,2023-01-29,Chennai,Unknown,Approved,687,Verified,Dormant
A12990,Neha,33,Other,Savings,36900,-14437,debit,2025-01-10,Bangalore,Unknown,Rejected,858,Pending,Inactive
A13246,Priya,55,Female,Current,-1507,2571,credit,2021-10-28,Chennai,HDFC001,Pending,557,Verified,Active
A13245,Priya,72,Male,Unknown,75396,4683,credit,2023-04-14,Unknown,SBI002,Rejected,383,Pending,Dormant
A11633,Sara,56,Female,Current,179171,-47895,debit,2022-12-14,Bangalore,AXIS004,Rejected,367,Rejected,Inactive
